id,Gaji
47933,0.0
44213,0.0
20823,0.0
40565,0.0
9860,0.0
26493,0.0
24739,0.0
3470,0.0
27029,0.0
7402,0.0
21757,0.0
695,0.0
46565,0.0
38019,0.0
45427,0.0
27587,0.0
26270,0.0
22341,0.0
45270,0.0
26800,0.0
46767,0.0
21045,0.0
13594,0.0
46427,0.0
25444,0.0
4879,0.0
38493,0.0
46871,0.0
35278,0.0
46899,0.0
11932,0.0
9824,0.0
24513,0.0
31456,0.0
7763,0.0
25086,0.0
25392,0.0
5862,0.0
44384,0.0
21322,0.0
7531,0.0
29437,0.0
37194,0.0
35558,0.0
24202,0.0
29987,0.0
37092,0.0
30610,0.0
37695,0.0
2863,0.0
32453,0.0
26979,0.0
40750,0.0
8032,0.0
12260,0.0
30738,0.0
38035,0.0
17662,0.0
13256,0.0
21048,0.0
34035,0.0
46399,0.0
34504,0.0
4369,0.0
3050,0.0
39355,0.0
44633,0.0
11880,0.0
39227,0.0
47015,0.0
28481,0.0
4448,0.0
6987,0.0
44538,0.0
14991,0.0
34533,0.0
12986,0.0
34579,0.0
35409,0.0
28202,0.0
25147,0.0
39458,0.0
37938,0.0
6431,0.0
41374,0.0
40830,0.0
36267,0.0
25125,0.0
22513,0.0
40451,0.0
14455,0.0
18915,0.0
30088,0.0
17544,0.0
46327,0.0
40818,0.0
43299,0.0
20531,0.0
9228,0.0
15183,0.0
28505,0.0
29598,0.0
41456,0.0
44756,0.0
10441,0.0
6715,0.0
31358,0.0
32171,0.0
33146,0.0
31275,0.0
1171,0.0
36255,0.0
30532,0.0
6584,0.0
3540,0.0
22950,0.0
42702,0.0
15108,0.0
44177,0.0
21952,0.0
30935,0.0
22022,0.0
2018,0.0
4162,0.0
3459,0.0
19265,0.0
35700,0.0
2880,0.0
25626,0.0
28927,0.0
8645,0.0
18572,0.0
44137,0.0
45134,0.0
30363,0.0
24404,0.0
34704,0.0
7985,0.0
15076,0.0
41752,0.0
29913,0.0
43926,0.0
17101,0.0
10584,0.0
46876,0.0
16355,0.0
32981,0.0
45299,0.0
226,0.0
17396,0.0
13882,0.0
16191,0.0
17434,0.0
27695,0.0
44224,0.0
23648,0.0
35626,0.0
2012,0.0
23987,0.0
8232,0.0
15839,0.0
2542,0.0
30124,0.0
30024,0.0
22856,0.0
44334,0.0
29227,0.0
39041,0.0
21490,0.0
18832,0.0
29524,0.0
34685,0.0
26308,0.0
33305,0.0
25431,0.0
32304,0.0
32358,0.0
27164,0.0
14748,0.0
31573,0.0
30945,0.0
31076,0.0
38877,0.0
22988,0.0
30287,0.0
20193,0.0
44357,0.0
25496,0.0
46407,0.0
6520,0.0
27657,0.0
25400,0.0
2356,0.0
18992,0.0
9361,0.0
25140,0.0
40074,0.0
47287,0.0
9788,0.0
24799,0.0
16953,0.0
25148,0.0
10034,0.0
24239,0.0
31140,0.0
13410,0.0
39268,0.0
12611,0.0
10248,0.0
10575,0.0
32996,0.0
23678,0.0
37588,0.0
8635,0.0
23740,0.0
43581,0.0
6801,0.0
47756,0.0
13056,0.0
3274,0.0
25161,0.0
31629,0.0
46753,0.0
1361,0.0
23543,0.0
21150,0.0
47574,0.0
45412,0.0
25751,0.0
43388,0.0
24440,0.0
35783,0.0
1967,0.0
10541,0.0
26828,0.0
3467,0.0
47797,0.0
968,0.0
26052,0.0
36675,0.0
29911,0.0
20226,0.0
9559,0.0
31406,0.0
41453,0.0
38721,0.0
9344,0.0
25169,0.0
10978,0.0
46308,0.0
29982,0.0
10373,0.0
32966,0.0
39744,0.0
10271,0.0
36424,0.0
47406,0.0
21068,0.0
44202,0.0
14672,0.0
10690,0.0
14880,0.0
5507,0.0
42229,0.0
35779,0.0
42672,0.0
26769,0.0
41586,0.0
45070,0.0
1753,0.0
24026,0.0
14491,0.0
20563,0.0
29214,0.0
29909,0.0
15753,0.0
23899,0.0
26314,0.0
32778,0.0
9444,0.0
21234,0.0
11532,0.0
46131,0.0
46546,0.0
28298,0.0
43437,0.0
34846,0.0
25144,0.0
33317,0.0
30290,0.0
22021,0.0
27260,0.0
20482,0.0
31668,0.0
23006,0.0
1210,0.0
1314,0.0
39547,0.0
46818,0.0
15066,0.0
2003,0.0
41149,0.0
26620,0.0
10534,0.0
17744,0.0
1290,0.0
41982,0.0
30995,0.0
22375,0.0
30306,0.0
29379,0.0
959,0.0
43908,0.0
21024,0.0
4562,0.0
3821,0.0
23712,0.0
25325,0.0
5619,0.0
33328,0.0
44216,0.0
3089,0.0
35594,0.0
38059,0.0
6876,0.0
12354,0.0
39659,0.0
494,0.0
7210,0.0
9362,0.0
35635,0.0
46037,0.0
872,0.0
29868,0.0
12443,0.0
24519,0.0
25741,0.0
1830,0.0
8596,0.0
32508,0.0
44671,0.0
43094,0.0
30731,0.0
17554,0.0
40446,0.0
4712,0.0
46873,0.0
16173,0.0
14927,0.0
39870,0.0
29519,0.0
43518,0.0
16273,0.0
24619,0.0
25114,0.0
28283,0.0
2558,0.0
18339,0.0
24905,0.0
35712,0.0
20288,0.0
5099,0.0
32185,0.0
30345,0.0
3121,0.0
24856,0.0
6572,0.0
23469,0.0
14801,0.0
14014,0.0
9458,0.0
6429,0.0
15944,0.0
9022,0.0
12275,0.0
10430,0.0
31408,0.0
20938,0.0
5889,0.0
41891,0.0
24113,0.0
15233,0.0
232,0.0
4894,0.0
34566,0.0
27676,0.0
33170,0.0
6952,0.0
46551,0.0
15696,0.0
26761,0.0
24765,0.0
32168,0.0
20814,0.0
15467,0.0
1755,0.0
25837,0.0
24551,0.0
23514,0.0
17860,0.0
25412,0.0
34279,0.0
45882,0.0
32666,0.0
15820,0.0
28386,0.0
37804,0.0
28036,0.0
43818,0.0
44483,0.0
26651,0.0
41974,0.0
12812,0.0
78,0.0
44063,0.0
14794,0.0
34141,0.0
40713,0.0
45708,0.0
11598,0.0
7819,0.0
42800,0.0
26136,0.0
35372,0.0
2474,0.0
9727,0.0
29463,0.0
36651,0.0
1911,0.0
17364,0.0
39163,0.0
21826,0.0
11148,0.0
26706,0.0
40117,0.0
16589,0.0
29456,0.0
41582,0.0
6892,0.0
22634,0.0
5967,0.0
7339,0.0
15698,0.0
39650,0.0
23258,0.0
1179,0.0
39193,0.0
42710,0.0
23728,0.0
16943,0.0
37582,0.0
47786,0.0
18175,0.0
7607,0.0
20042,0.0
2294,0.0
35836,0.0
29261,0.0
39053,0.0
33867,0.0
36705,0.0
10197,0.0
43133,0.0
32366,0.0
27090,0.0
32254,0.0
40996,0.0
9446,0.0
26170,0.0
41184,0.0
28359,0.0
24458,0.0
44085,0.0
2488,0.0
19220,0.0
47077,0.0
13860,0.0
43665,0.0
27989,0.0
29526,0.0
4745,0.0
12069,0.0
41258,0.0
45122,0.0
10296,0.0
39581,0.0
30402,0.0
35925,0.0
12553,0.0
13896,0.0
25129,0.0
18962,0.0
16866,0.0
4753,0.0
45874,0.0
25053,0.0
10782,0.0
14679,0.0
6659,0.0
22743,0.0
29656,0.0
8405,0.0
7530,0.0
35059,0.0
8798,0.0
30963,0.0
8173,0.0
31097,0.0
23658,0.0
39830,0.0
10890,0.0
20387,0.0
24881,0.0
11336,0.0
42715,0.0
39805,0.0
8110,0.0
44715,0.0
4404,0.0
18645,0.0
45709,0.0
20221,0.0
8648,0.0
33128,0.0
7380,0.0
30374,0.0
19475,0.0
14279,0.0
22196,0.0
15289,0.0
42767,0.0
9031,0.0
46549,0.0
22502,0.0
19883,0.0
44955,0.0
8137,0.0
32929,0.0
23510,0.0
21949,0.0
19413,0.0
8955,0.0
38552,0.0
43863,0.0
7081,0.0
40784,0.0
36423,0.0
10048,0.0
26257,0.0
3758,0.0
25913,0.0
46392,0.0
46099,0.0
25318,0.0
40080,0.0
38930,0.0
28374,0.0
39570,0.0
41188,0.0
8724,0.0
33418,0.0
26878,0.0
45406,0.0
2295,0.0
26610,0.0
32324,0.0
41846,0.0
2441,0.0
35304,0.0
4281,0.0
8658,0.0
46283,0.0
16300,0.0
46087,0.0
30897,0.0
24197,0.0
26084,0.0
31515,0.0
5283,0.0
25965,0.0
44178,0.0
17561,0.0
13255,0.0
2924,0.0
38159,0.0
22439,0.0
3686,0.0
28383,0.0
25613,0.0
578,0.0
12482,0.0
7246,0.0
18631,0.0
44076,0.0
25443,0.0
3828,0.0
36393,0.0
4608,0.0
36486,0.0
18294,0.0
43829,0.0
17889,0.0
22293,0.0
24304,0.0
15001,0.0
35290,0.0
40549,0.0
35088,0.0
41587,0.0
1544,0.0
21752,0.0
5378,0.0
23560,0.0
42045,0.0
33009,0.0
3576,0.0
24419,0.0
16002,0.0
1700,0.0
17714,0.0
27146,0.0
28074,0.0
29448,0.0
35544,0.0
21925,0.0
3684,0.0
39525,0.0
41328,0.0
29533,0.0
8050,0.0
478,0.0
8171,0.0
4079,0.0
723,0.0
9626,0.0
12783,0.0
39249,0.0
26991,0.0
29879,0.0
9044,0.0
1720,0.0
41665,0.0
13520,0.0
31169,0.0
30227,0.0
36048,0.0
1118,0.0
6350,0.0
39282,0.0
43354,0.0
9149,0.0
35727,0.0
18792,0.0
45475,0.0
7521,0.0
20544,0.0
39251,0.0
5176,0.0
4062,0.0
12253,0.0
18925,0.0
11786,0.0
6580,0.0
40643,0.0
36677,0.0
11906,0.0
40946,0.0
16729,0.0
32693,0.0
12306,0.0
271,0.0
22276,0.0
13871,0.0
42350,0.0
44484,0.0
6210,0.0
30966,0.0
13975,0.0
36043,0.0
13035,0.0
41473,0.0
30316,0.0
46198,0.0
42831,0.0
6306,0.0
39707,0.0
16778,0.0
590,0.0
30353,0.0
3950,0.0
15625,0.0
8103,0.0
10316,0.0
19563,0.0
47792,0.0
27857,0.0
47506,0.0
41395,0.0
35248,0.0
31200,0.0
27920,0.0
20863,0.0
36369,0.0
31989,0.0
34294,0.0
14798,0.0
10160,0.0
8486,0.0
33559,0.0
40639,0.0
14852,0.0
28397,0.0
33175,0.0
41990,0.0
1696,0.0
19593,0.0
34598,0.0
1754,0.0
11751,0.0
45590,0.0
3515,0.0
38627,0.0
7511,0.0
38692,0.0
4051,0.0
37059,0.0
4885,0.0
6772,0.0
15030,0.0
17593,0.0
38582,0.0
23183,0.0
29144,0.0
34025,0.0
38743,0.0
41560,0.0
37782,0.0
29240,0.0
25766,0.0
16350,0.0
42563,0.0
8363,0.0
22778,0.0
39325,0.0
23096,0.0
38709,0.0
15386,0.0
14919,0.0
14196,0.0
30770,0.0
30509,0.0
39665,0.0
10744,0.0
685,0.0
34229,0.0
15880,0.0
35601,0.0
20257,0.0
21812,0.0
19317,0.0
33885,0.0
38740,0.0
23922,0.0
27465,0.0
39281,0.0
16246,0.0
43524,0.0
41277,0.0
17403,0.0
19402,0.0
25709,0.0
36361,0.0
35265,0.0
35107,0.0
19303,0.0
7753,0.0
8094,0.0
31036,0.0
36723,0.0
47637,0.0
19362,0.0
15617,0.0
27458,0.0
1600,0.0
33139,0.0
34124,0.0
44670,0.0
41064,0.0
9335,0.0
42719,0.0
2224,0.0
615,0.0
9442,0.0
6846,0.0
46884,0.0
14577,0.0
26640,0.0
17209,0.0
35942,0.0
4274,0.0
2032,0.0
6422,0.0
6777,0.0
24963,0.0
26681,0.0
3372,0.0
20516,0.0
884,0.0
19016,0.0
41219,0.0
25471,0.0
29286,0.0
43257,0.0
17245,0.0
5404,0.0
5621,0.0
15195,0.0
14977,0.0
45279,0.0
8590,0.0
44913,0.0
26408,0.0
44874,0.0
40083,0.0
44095,0.0
46715,0.0
46824,0.0
16851,0.0
34918,0.0
32443,0.0
29156,0.0
10510,0.0
14971,0.0
28794,0.0
31571,0.0
23963,0.0
26763,0.0
14680,0.0
14587,0.0
27729,0.0
6814,0.0
17305,0.0
17999,0.0
38420,0.0
6281,0.0
36849,0.0
15149,0.0
170,0.0
39255,0.0
16670,0.0
45810,0.0
41818,0.0
8950,0.0
9000,0.0
26703,0.0
21564,0.0
27531,0.0
18877,0.0
26487,0.0
16940,0.0
608,0.0
19789,0.0
43203,0.0
3791,0.0
3979,0.0
15193,0.0
13721,0.0
38171,0.0
18603,0.0
30999,0.0
42372,0.0
26555,0.0
33501,0.0
36141,0.0
19214,0.0
42212,0.0
31662,0.0
18268,0.0
17327,0.0
34994,0.0
43631,0.0
47937,0.0
20776,0.0
4233,0.0
20230,0.0
19528,0.0
13705,0.0
6334,0.0
45606,0.0
39350,0.0
14719,0.0
22845,0.0
26286,0.0
30793,0.0
29339,0.0
20719,0.0
27388,0.0
32964,0.0
37998,0.0
9206,0.0
26151,0.0
36541,0.0
44563,0.0
2879,0.0
15034,0.0
20790,0.0
22746,0.0
44075,0.0
1143,0.0
17217,0.0
34420,0.0
2053,0.0
44458,0.0
24214,0.0
6743,0.0
31721,0.0
4050,0.0
1266,0.0
27925,0.0
23595,0.0
21691,0.0
36246,0.0
28161,0.0
14373,0.0
16061,0.0
422,0.0
11633,0.0
25964,0.0
32536,0.0
29901,0.0
20457,0.0
4444,0.0
37057,0.0
15456,0.0
20143,0.0
42773,0.0
29018,0.0
30123,0.0
38984,0.0
19386,0.0
8709,0.0
27093,0.0
10201,0.0
35948,0.0
6191,0.0
11210,0.0
2285,0.0
26048,0.0
7837,0.0
10428,0.0
597,0.0
2457,0.0
10438,0.0
13736,0.0
6563,0.0
43391,0.0
10498,0.0
23414,0.0
22292,0.0
36057,0.0
39120,0.0
42022,0.0
21896,0.0
8803,0.0
17052,0.0
33615,0.0
3581,0.0
36384,0.0
23594,0.0
14750,0.0
13082,0.0
3608,0.0
39779,0.0
24832,0.0
42514,0.0
32134,0.0
32940,0.0
6759,0.0
25209,0.0
8563,0.0
33870,0.0
47133,0.0
46780,0.0
21820,0.0
11271,0.0
40054,0.0
33201,0.0
36836,0.0
33410,0.0
18691,0.0
37585,0.0
14315,0.0
37783,0.0
30450,0.0
20274,0.0
3639,0.0
16163,0.0
12948,0.0
44275,0.0
39219,0.0
11775,0.0
27300,0.0
20657,0.0
23156,0.0
28967,0.0
32458,0.0
47583,0.0
1141,0.0
9346,0.0
3590,0.0
8672,0.0
16568,0.0
14153,0.0
42071,0.0
41090,0.0
41767,0.0
4332,0.0
23552,0.0
33187,0.0
40458,0.0
20579,0.0
13550,0.0
14404,0.0
18277,0.0
28238,0.0
11757,0.0
30079,0.0
35826,0.0
5415,0.0
47862,0.0
5655,0.0
43309,0.0
9879,0.0
4148,0.0
46644,0.0
17230,0.0
23402,0.0
31032,0.0
19470,0.0
18768,0.0
26045,0.0
15415,0.0
39603,0.0
40898,0.0
43901,0.0
30541,0.0
6763,0.0
45393,0.0
39647,0.0
27005,0.0
30099,0.0
6856,0.0
44824,0.0
42447,0.0
10406,0.0
38316,0.0
19877,0.0
25619,0.0
15709,0.0
13652,0.0
40903,0.0
37959,0.0
19010,0.0
13081,0.0
24057,0.0
26275,0.0
10281,0.0
25158,0.0
31429,0.0
12029,0.0
45115,0.0
13157,0.0
18710,0.0
7385,0.0
32658,0.0
21993,0.0
38178,0.0
11471,0.0
9301,0.0
1121,0.0
44694,0.0
35327,0.0
3184,0.0
41059,0.0
47254,0.0
24717,0.0
43884,0.0
10242,0.0
27574,0.0
14390,0.0
38591,0.0
12800,0.0
47069,0.0
45609,0.0
15378,0.0
39137,0.0
4422,0.0
4313,0.0
38735,0.0
45931,0.0
32228,0.0
26347,0.0
3715,0.0
39967,0.0
34121,0.0
34449,0.0
42973,0.0
45489,0.0
34415,0.0
46896,0.0
39093,0.0
31086,0.0
15836,0.0
14096,0.0
15043,0.0
19496,0.0
18080,0.0
7536,0.0
17765,0.0
33605,0.0
44672,0.0
1866,0.0
38909,0.0
419,0.0
28256,0.0
44233,0.0
27372,0.0
45315,0.0
30437,0.0
32854,0.0
39314,0.0
6197,0.0
9557,0.0
33824,0.0
4936,0.0
16168,0.0
6945,0.0
19894,0.0
3977,0.0
22908,0.0
13369,0.0
12467,0.0
40277,0.0
5843,0.0
19686,0.0
22299,0.0
23468,0.0
46043,0.0
21457,0.0
45649,0.0
15121,0.0
41898,0.0
38429,0.0
18326,0.0
22989,0.0
41649,0.0
16917,0.0
28285,0.0
35083,0.0
15357,0.0
47983,0.0
38904,0.0
44428,0.0
9920,0.0
38550,0.0
32132,0.0
45827,0.0
26673,0.0
7829,0.0
18237,0.0
47391,0.0
22564,0.0
4779,0.0
28801,0.0
25231,0.0
45458,0.0
9465,0.0
26514,0.0
38293,0.0
37780,0.0
25426,0.0
14515,0.0
26586,0.0
4060,0.0
22519,0.0
35610,0.0
30457,0.0
44318,0.0
24804,0.0
34448,0.0
47887,0.0
21363,0.0
11933,0.0
11158,0.0
11694,0.0
14896,0.0
21963,0.0
10356,0.0
38080,0.0
44825,0.0
3009,0.0
21090,0.0
39941,0.0
37941,0.0
721,0.0
32621,0.0
15477,0.0
19403,0.0
1594,0.0
25085,0.0
3102,0.0
34347,0.0
12521,0.0
34508,0.0
10529,0.0
4816,0.0
1465,0.0
42700,0.0
34978,0.0
26929,0.0
4900,0.0
28808,0.0
39656,0.0
26463,0.0
41498,0.0
4672,0.0
11337,0.0
26350,0.0
12220,0.0
25319,0.0
22917,0.0
47595,0.0
12461,0.0
9056,0.0
47120,0.0
6670,0.0
1439,0.0
12028,0.0
10706,0.0
12952,0.0
14354,0.0
26552,0.0
45060,0.0
26330,0.0
39043,0.0
17665,0.0
24063,0.0
41376,0.0
47454,0.0
8941,0.0
23087,0.0
38151,0.0
18984,0.0
13636,0.0
35390,0.0
7682,0.0
44561,0.0
30291,0.0
44820,0.0
29877,0.0
21908,0.0
11203,0.0
13852,0.0
21217,0.0
18526,0.0
399,0.0
16558,0.0
37565,0.0
40901,0.0
37650,0.0
1241,0.0
46253,0.0
10186,0.0
11692,0.0
19838,0.0
31632,0.0
35015,0.0
7527,0.0
30813,0.0
1540,0.0
32826,0.0
21506,0.0
29165,0.0
28171,0.0
19343,0.0
19788,0.0
45418,0.0
6758,0.0
19340,0.0
28035,0.0
9682,0.0
46938,0.0
944,0.0
46821,0.0
11686,0.0
39835,0.0
43924,0.0
34546,0.0
8482,0.0
8871,0.0
34880,0.0
37263,0.0
32355,0.0
28833,0.0
40435,0.0
39451,0.0
33740,0.0
2196,0.0
6176,0.0
46615,0.0
47105,0.0
23256,0.0
23497,0.0
12833,0.0
30440,0.0
29500,0.0
41290,0.0
44528,0.0
13743,0.0
19823,0.0
14621,0.0
35076,0.0
30401,0.0
11609,0.0
21684,0.0
23683,0.0
43916,0.0
47279,0.0
14860,0.0
4265,0.0
43803,0.0
11919,0.0
47351,0.0
34054,0.0
7034,0.0
6698,0.0
5630,0.0
26243,0.0
37675,0.0
27122,0.0
14334,0.0
21219,0.0
9183,0.0
38284,0.0
29632,0.0
128,0.0
44771,0.0
13974,0.0
9606,0.0
44938,0.0
22894,0.0
46604,0.0
25181,0.0
21577,0.0
30630,0.0
7398,0.0
36855,0.0
14647,0.0
27977,0.0
28375,0.0
32045,0.0
20624,0.0
6265,0.0
43750,0.0
32476,0.0
36769,0.0
13954,0.0
37874,0.0
4521,0.0
30239,0.0
9723,0.0
6382,0.0
42493,0.0
12652,0.0
28279,0.0
19338,0.0
41487,0.0
7200,0.0
6879,0.0
29553,0.0
910,0.0
6395,0.0
34047,0.0
21602,0.0
21015,0.0
27168,0.0
4161,0.0
44603,0.0
38406,0.0
17239,0.0
45864,0.0
26321,0.0
44920,0.0
21744,0.0
23207,0.0
8963,0.0
46792,0.0
20272,0.0
42886,0.0
44533,0.0
2456,0.0
30084,0.0
1633,0.0
33659,0.0
28149,0.0
15416,0.0
21480,0.0
47672,0.0
46678,0.0
13257,0.0
7546,0.0
14627,0.0
19685,0.0
4452,0.0
22125,0.0
1270,0.0
10990,0.0
16974,0.0
9719,0.0
7524,0.0
28612,0.0
38828,0.0
32416,0.0
30017,0.0
3454,0.0
14841,0.0
28148,0.0
35189,0.0
23669,0.0
20478,0.0
38426,0.0
17468,0.0
31634,0.0
28145,0.0
44405,0.0
8629,0.0
10687,0.0
9178,0.0
15919,0.0
6588,0.0
43912,0.0
17905,0.0
47068,0.0
41418,0.0
23822,0.0
39262,0.0
618,0.0
4043,0.0
14184,0.0
8181,0.0
42547,0.0
11924,0.0
45722,0.0
19828,0.0
30172,0.0
6789,0.0
35653,0.0
39807,0.0
2992,0.0
33556,0.0
43436,0.0
34391,0.0
41884,0.0
38449,0.0
26182,0.0
8617,0.0
17235,0.0
33040,0.0
44415,0.0
8538,0.0
43663,0.0
7168,0.0
15859,0.0
23479,0.0
30859,0.0
45311,0.0
40455,0.0
38113,0.0
8263,0.0
16414,0.0
26679,0.0
20139,0.0
28524,0.0
23682,0.0
45550,0.0
3297,0.0
34870,0.0
36795,0.0
44768,0.0
10051,0.0
3079,0.0
27234,0.0
1308,0.0
33282,0.0
15000,0.0
1846,0.0
25524,0.0
34773,0.0
32956,0.0
31990,0.0
45156,0.0
13274,0.0
32739,0.0
45094,0.0
44786,0.0
32387,0.0
41905,0.0
10396,0.0
5050,0.0
9364,0.0
29710,0.0
11754,0.0
29374,0.0
39152,0.0
35216,0.0
39794,0.0
41092,0.0
34708,0.0
3561,0.0
18755,0.0
11958,0.0
41942,0.0
4298,0.0
895,0.0
26983,0.0
41588,0.0
36155,0.0
1408,0.0
25207,0.0
14024,0.0
43173,0.0
47563,0.0
24492,0.0
35456,0.0
1912,0.0
15827,0.0
44543,0.0
20621,0.0
335,0.0
21013,0.0
13442,0.0
2832,0.0
45415,0.0
12708,0.0
6489,0.0
35886,0.0
2654,0.0
39616,0.0
355,0.0
41992,0.0
21027,0.0
29440,0.0
43856,0.0
30536,0.0
7264,0.0
10285,0.0
10681,0.0
45877,0.0
12107,0.0
29991,0.0
41642,0.0
21660,0.0
4833,0.0
1691,0.0
21181,0.0
4531,0.0
1261,0.0
31416,0.0
7896,0.0
31770,0.0
43487,0.0
43123,0.0
45854,0.0
29478,0.0
46292,0.0
12677,0.0
916,0.0
47658,0.0
45191,0.0
25643,0.0
39783,0.0
27834,0.0
10176,0.0
29125,0.0
10768,0.0
17602,0.0
20076,0.0
40289,0.0
3659,0.0
7005,0.0
17979,0.0
11101,0.0
47861,0.0
38343,0.0
37165,0.0
22914,0.0
12457,0.0
2826,0.0
16127,0.0
5553,0.0
18867,0.0
18166,0.0
18817,0.0
25353,0.0
16665,0.0
47371,0.0
38339,0.0
15447,0.0
46218,0.0
31786,0.0
23346,0.0
28750,0.0
23600,0.0
35695,0.0
1018,0.0
33854,0.0
23447,0.0
11139,0.0
33701,0.0
30152,0.0
7545,0.0
24386,0.0
47773,0.0
34207,0.0
13878,0.0
9370,0.0
37332,0.0
47209,0.0
5321,0.0
5849,0.0
37363,0.0
34453,0.0
30657,0.0
31875,0.0
27407,0.0
43702,0.0
24226,0.0
28032,0.0
11018,0.0
23637,0.0
11863,0.0
1763,0.0
3761,0.0
7882,0.0
38890,0.0
41244,0.0
3155,0.0
14775,0.0
24743,0.0
28179,0.0
28193,0.0
12837,0.0
27082,0.0
39369,0.0
10089,0.0
6817,0.0
36097,0.0
984,0.0
4386,0.0
9871,0.0
29217,0.0
20471,0.0
31609,0.0
26124,0.0
3394,0.0
18978,0.0
40557,0.0
30230,0.0
37382,0.0
15022,0.0
4896,0.0
42531,0.0
21050,0.0
32095,0.0
7722,0.0
1582,0.0
46759,0.0
33654,0.0
16048,0.0
15611,0.0
18592,0.0
21828,0.0
34332,0.0
7399,0.0
14291,0.0
47131,0.0
26592,0.0
38391,0.0
35381,0.0
45417,0.0
26906,0.0
9388,0.0
7418,0.0
27344,0.0
1850,0.0
25260,0.0
26920,0.0
23332,0.0
12679,0.0
2646,0.0
37109,0.0
31039,0.0
34317,0.0
25189,0.0
36962,0.0
26584,0.0
34691,0.0
47747,0.0
35916,0.0
24549,0.0
22748,0.0
30431,0.0
27635,0.0
6061,0.0
25335,0.0
18748,0.0
26517,0.0
21142,0.0
33534,0.0
39075,0.0
22397,0.0
13223,0.0
47820,0.0
19874,0.0
42570,0.0
3732,0.0
40944,0.0
37460,0.0
6560,0.0
46088,0.0
32584,0.0
4857,0.0
20246,0.0
26454,0.0
44850,0.0
18204,0.0
20568,0.0
22497,0.0
12775,0.0
46481,0.0
37733,0.0
18660,0.0
36472,0.0
23208,0.0
10585,0.0
6834,0.0
33007,0.0
9869,0.0
6377,0.0
25508,0.0
7230,0.0
17895,0.0
8997,0.0
2320,0.0
13109,0.0
25439,0.0
15389,0.0
41132,0.0
38214,0.0
12239,0.0
9775,0.0
10977,0.0
39385,0.0
41741,0.0
15851,0.0
22090,0.0
40013,0.0
40527,0.0
21416,0.0
35897,0.0
13697,0.0
31532,0.0
18164,0.0
42193,0.0
11593,0.0
9599,0.0
1351,0.0
17960,0.0
36131,0.0
9611,0.0
20416,0.0
38699,0.0
14865,0.0
4941,0.0
45298,0.0
16897,0.0
45077,0.0
4612,0.0
43824,0.0
10658,0.0
23512,0.0
23406,0.0
42835,0.0
46790,0.0
28354,0.0
6689,0.0
28589,0.0
47766,0.0
20167,0.0
43359,0.0
2821,0.0
35174,0.0
37823,0.0
27865,0.0
35793,0.0
36445,0.0
38531,0.0
18120,0.0
24507,0.0
21700,0.0
2358,0.0
2711,0.0
4333,0.0
10526,0.0
21237,0.0
22180,0.0
36180,0.0
37795,0.0
4195,0.0
41235,0.0
37318,0.0
28614,0.0
14098,0.0
12693,0.0
43788,0.0
17439,0.0
41770,0.0
31866,0.0
6448,0.0
15411,0.0
32100,0.0
39551,0.0
10616,0.0
17571,0.0
8006,0.0
2548,0.0
34518,0.0
8839,0.0
6694,0.0
24383,0.0
19174,0.0
2686,0.0
11710,0.0
4190,0.0
25190,0.0
24545,0.0
25920,0.0
17250,0.0
39797,0.0
47158,0.0
39961,0.0
29415,0.0
21216,0.0
27821,0.0
3852,0.0
10947,0.0
12617,0.0
34695,0.0
27971,0.0
40479,0.0
40876,0.0
40851,0.0
43230,0.0
5762,0.0
27380,0.0
340,0.0
35787,0.0
29554,0.0
15757,0.0
10513,0.0
25633,0.0
29700,0.0
20249,0.0
31783,0.0
26781,0.0
31442,0.0
924,0.0
32699,0.0
45373,0.0
11209,0.0
13872,0.0
40423,0.0
16748,0.0
39521,0.0
902,0.0
28258,0.0
12957,0.0
13859,0.0
29013,0.0
39790,0.0
17042,0.0
44522,0.0
27232,0.0
22383,0.0
22430,0.0
3392,0.0
42737,0.0
38001,0.0
29344,0.0
20982,0.0
26891,0.0
19507,0.0
28831,0.0
31144,0.0
33388,0.0
274,0.0
31940,0.0
37851,0.0
39040,0.0
20344,0.0
38987,0.0
18391,0.0
28763,0.0
32275,0.0
17498,0.0
2504,0.0
18245,0.0
36591,0.0
31650,0.0
41542,0.0
39495,0.0
19112,0.0
32162,0.0
47710,0.0
45930,0.0
42617,0.0
29820,0.0
44916,0.0
29716,0.0
18636,0.0
5079,0.0
8932,0.0
31508,0.0
2458,0.0
36625,0.0
41045,0.0
28016,0.0
31176,0.0
42222,0.0
41539,0.0
45085,0.0
25378,0.0
33568,0.0
22210,0.0
4431,0.0
1284,0.0
12285,0.0
45714,0.0
30904,0.0
31691,0.0
34984,0.0
13911,0.0
38914,0.0
30280,0.0
28008,0.0
9853,0.0
45947,0.0
43617,0.0
3640,0.0
21143,0.0
29166,0.0
8368,0.0
19319,0.0
42158,0.0
7670,0.0
4038,0.0
33497,0.0
14527,0.0
38036,0.0
2687,0.0
2884,0.0
29862,0.0
20570,0.0
12294,0.0
22755,0.0
26572,0.0
27853,0.0
8547,0.0
36545,0.0
20468,0.0
19778,0.0
18513,0.0
13503,0.0
40057,0.0
1796,0.0
9686,0.0
26615,0.0
17675,0.0
28175,0.0
34003,0.0
18443,0.0
42630,0.0
3737,0.0
8846,0.0
44246,0.0
17478,0.0
26565,0.0
33173,0.0
43067,0.0
28866,0.0
4838,0.0
35860,0.0
31092,0.0
35927,0.0
363,0.0
20414,0.0
37297,0.0
27382,0.0
22427,0.0
38647,0.0
2562,0.0
21816,0.0
28483,0.0
45584,0.0
37126,0.0
12863,0.0
11168,0.0
35332,0.0
8727,0.0
38181,0.0
10721,0.0
30515,0.0
34809,0.0
1799,0.0
38425,0.0
683,0.0
42457,0.0
40037,0.0
16287,0.0
34028,0.0
4390,0.0
44162,0.0
21930,0.0
4532,0.0
244,0.0
6143,0.0
18812,0.0
14810,0.0
19400,0.0
12976,0.0
6472,0.0
23984,0.0
47240,0.0
4543,0.0
39407,0.0
47214,0.0
15420,0.0
29080,0.0
29673,0.0
18561,0.0
13132,0.0
28848,0.0
42711,0.0
30254,0.0
24139,0.0
38381,0.0
2446,0.0
42255,0.0
39720,0.0
47313,0.0
33941,0.0
16197,0.0
27279,0.0
42197,0.0
10493,0.0
7322,0.0
30847,0.0
45136,0.0
44644,0.0
35157,0.0
46172,0.0
28704,0.0
15721,0.0
47501,0.0
22810,0.0
9973,0.0
10253,0.0
8505,0.0
44115,0.0
17818,0.0
11323,0.0
19146,0.0
38644,0.0
45354,0.0
36823,0.0
36660,0.0
25529,0.0
36342,0.0
19867,0.0
41305,0.0
12884,0.0
44882,0.0
33914,0.0
12338,0.0
39131,0.0
21196,0.0
28569,0.0
41877,0.0
762,0.0
6761,0.0
22402,0.0
16052,0.0
5167,0.0
47533,0.0
42143,0.0
39641,0.0
33071,0.0
35737,0.0
15295,0.0
24566,0.0
1800,0.0
43039,0.0
35995,0.0
10109,0.0
13368,0.0
36305,0.0
40957,0.0
5113,0.0
11948,0.0
32590,0.0
44641,0.0
21408,0.0
364,0.0
2363,0.0
32104,0.0
38189,0.0
23193,0.0
28668,0.0
16146,0.0
11000,0.0
11431,0.0
4768,0.0
20690,0.0
21278,0.0
8744,0.0
41152,0.0
10833,0.0
7693,0.0
40426,0.0
46870,0.0
37644,0.0
8583,0.0
10166,0.0
18591,0.0
18473,0.0
16364,0.0
756,0.0
20044,0.0
45603,0.0
43085,0.0
47520,0.0
46501,0.0
15079,0.0
32529,0.0
21959,0.0
19197,0.0
43394,0.0
27467,0.0
41262,0.0
18480,0.0
7876,0.0
2400,0.0
14785,0.0
3703,0.0
33859,0.0
26754,0.0
21699,0.0
18087,0.0
42364,0.0
13772,0.0
37536,0.0
45111,0.0
38496,0.0
9096,0.0
4991,0.0
32849,0.0
41746,0.0
21032,0.0
9176,0.0
29066,0.0
11988,0.0
30072,0.0
28748,0.0
23210,0.0
2624,0.0
40415,0.0
31022,0.0
36091,0.0
1646,0.0
5419,0.0
9754,0.0
3617,0.0
25744,0.0
28960,0.0
31852,0.0
1480,0.0
17938,0.0
11303,0.0
32907,0.0
24439,0.0
24232,0.0
5076,0.0
20142,0.0
7387,0.0
27632,0.0
37535,0.0
14950,0.0
47472,0.0
28800,0.0
22858,0.0
33401,0.0
43640,0.0
29601,0.0
27130,0.0
3072,0.0
41606,0.0
29694,0.0
23792,0.0
19217,0.0
29789,0.0
13206,0.0
32949,0.0
16942,0.0
32664,0.0
46243,0.0
3401,0.0
15164,0.0
47558,0.0
18415,0.0
44609,0.0
44929,0.0
31503,0.0
18720,0.0
30626,0.0
30955,0.0
3317,0.0
17064,0.0
44942,0.0
38224,0.0
41613,0.0
28400,0.0
7797,0.0
37218,0.0
17928,0.0
5287,0.0
4344,0.0
3076,0.0
23249,0.0
21240,0.0
26655,0.0
32595,0.0
38618,0.0
22140,0.0
22059,0.0
7479,0.0
13108,0.0
7912,0.0
16060,0.0
34940,0.0
6499,0.0
22607,0.0
26778,0.0
25735,0.0
5063,0.0
8,0.0
12641,0.0
33191,0.0
14993,0.0
31932,0.0
40481,0.0
31325,0.0
32727,0.0
42910,0.0
25522,0.0
15830,0.0
25031,0.0
3833,0.0
32845,0.0
2652,0.0
16330,0.0
27187,0.0
3841,0.0
47847,0.0
36014,0.0
32111,0.0
26877,0.0
16323,0.0
8159,0.0
29627,0.0
35984,0.0
26062,0.0
17936,0.0
10149,0.0
24602,0.0
18794,0.0
33145,0.0
2,0.0
45210,0.0
36834,0.0
16045,0.0
37784,0.0
33457,0.0
23014,0.0
32342,0.0
21396,0.0
38217,0.0
44923,0.0
17579,0.0
21802,0.0
7284,0.0
1507,0.0
17466,0.0
25808,0.0
164,0.0
6227,0.0
41243,0.0
22495,0.0
12856,0.0
18331,0.0
4955,0.0
14978,0.0
1001,0.0
4370,0.0
32708,0.0
39098,0.0
12542,0.0
17482,0.0
41077,0.0
7437,0.0
20437,0.0
43895,0.0
46893,0.0
28700,0.0
16717,0.0
6014,0.0
21555,0.0
40510,0.0
47906,0.0
44818,0.0
27481,0.0
43637,0.0
43127,0.0
37985,0.0
44083,0.0
26078,0.0
22450,0.0
12653,0.0
24713,0.0
18705,0.0
45245,0.0
20925,0.0
33238,0.0
34798,0.0
20518,0.0
1528,0.0
9086,0.0
346,0.0
43065,0.0
39134,0.0
1982,0.0
13952,0.0
19742,0.0
20368,0.0
27637,0.0
32647,0.0
17513,0.0
34431,0.0
22966,0.0
27771,0.0
13245,0.0
21302,0.0
16312,0.0
13933,0.0
23654,0.0
12269,0.0
38710,0.0
36963,0.0
45403,0.0
42292,0.0
17983,0.0
9156,0.0
4042,0.0
16401,0.0
29172,0.0
7473,0.0
14566,0.0
16322,0.0
36883,0.0
26815,0.0
17267,0.0
40215,0.0
42896,0.0
26065,0.0
39891,0.0
45107,0.0
12230,0.0
19938,0.0
41474,0.0
7863,0.0
16216,0.0
29750,0.0
7315,0.0
2398,0.0
31699,0.0
21385,0.0
6004,0.0
6617,0.0
29903,0.0
7498,0.0
47877,0.0
4918,0.0
30489,0.0
12958,0.0
15687,0.0
18964,0.0
15384,0.0
36966,0.0
2774,0.0
10055,0.0
5658,0.0
7719,0.0
18408,0.0
5038,0.0
38022,0.0
1734,0.0
11554,0.0
28549,0.0
3765,0.0
29198,0.0
29957,0.0
28692,0.0
15352,0.0
10649,0.0
46019,0.0
845,0.0
3295,0.0
27223,0.0
42376,0.0
1976,0.0
4027,0.0
45825,0.0
125,0.0
4972,0.0
43633,0.0
36130,0.0
25798,0.0
25046,0.0
38229,0.0
35867,0.0
16882,0.0
38470,0.0
18099,0.0
25874,0.0
46091,0.0
23493,0.0
27806,0.0
19931,0.0
41477,0.0
1340,0.0
25654,0.0
5965,0.0
30333,0.0
21282,0.0
41656,0.0
38255,0.0
17471,0.0
29723,0.0
40404,0.0
23926,0.0
44864,0.0
16894,0.0
13370,0.0
27039,0.0
40288,0.0
7937,0.0
40674,0.0
47141,0.0
4584,0.0
6901,0.0
18533,0.0
47722,0.0
45088,0.0
29494,0.0
25206,0.0
15814,0.0
3504,0.0
5805,0.0
35602,0.0
44301,0.0
42738,0.0
30696,0.0
14211,0.0
43158,0.0
32485,0.0
47218,0.0
36880,0.0
965,0.0
20404,0.0
36731,0.0
24142,0.0
36151,0.0
6703,0.0
25908,0.0
41383,0.0
30109,0.0
43287,0.0
44104,0.0
1745,0.0
28241,0.0
10210,0.0
5628,0.0
45247,0.0
35568,0.0
16627,0.0
35847,0.0
24686,0.0
32295,0.0
21743,0.0
29946,0.0
41198,0.0
6554,0.0
45160,0.0
3973,0.0
27509,0.0
23292,0.0
3331,0.0
16115,0.0
17693,0.0
46848,0.0
30447,0.0
47284,0.0
40162,0.0
41096,0.0
19192,0.0
43742,0.0
22580,0.0
38668,0.0
9836,0.0
4030,0.0
34592,0.0
38834,0.0
30979,0.0
10095,0.0
10656,0.0
30943,0.0
17306,0.0
38747,0.0
46320,0.0
24923,0.0
31944,0.0
27683,0.0
3664,0.0
34138,0.0
28933,0.0
14080,0.0
27894,0.0
10383,0.0
43170,0.0
10466,0.0
14982,0.0
30887,0.0
37720,0.0
10568,0.0
7918,0.0
39679,0.0
31194,0.0
2663,0.0
46075,0.0
41648,0.0
18366,0.0
5838,0.0
5537,0.0
27306,0.0
7095,0.0
33982,0.0
19476,0.0
5852,0.0
2050,0.0
1952,0.0
42366,0.0
26137,0.0
27927,0.0
43899,0.0
13232,0.0
20432,0.0
17328,0.0
35101,0.0
375,0.0
11495,0.0
43464,0.0
40176,0.0
6669,0.0
17801,0.0
43030,0.0
13995,0.0
11883,0.0
519,0.0
22674,0.0
47008,0.0
2983,0.0
36719,0.0
23972,0.0
14008,0.0
24803,0.0
5934,0.0
915,0.0
4568,0.0
17490,0.0
1468,0.0
44751,0.0
31317,0.0
21990,0.0
41039,0.0
16546,0.0
10864,0.0
18047,0.0
21171,0.0
25841,0.0
25500,0.0
16584,0.0
1164,0.0
41274,0.0
43866,0.0
25307,0.0
23146,0.0
7720,0.0
15546,0.0
1886,0.0
47394,0.0
32866,0.0
45307,0.0
8012,0.0
1274,0.0
44968,0.0
9147,0.0
30898,0.0
28787,0.0
44888,0.0
15226,0.0
11855,0.0
38751,0.0
8518,0.0
10110,0.0
33917,0.0
21321,0.0
25899,0.0
16171,0.0
18607,0.0
11937,0.0
20111,0.0
42179,0.0
30273,0.0
36273,0.0
47711,0.0
12567,0.0
42421,0.0
11436,0.0
3928,0.0
21197,0.0
5710,0.0
36784,0.0
5313,0.0
14858,0.0
1149,0.0
25274,0.0
400,0.0
4419,0.0
24624,0.0
6540,0.0
24544,0.0
17589,0.0
46942,0.0
38708,0.0
33631,0.0
25777,0.0
33856,0.0
8892,0.0
10708,0.0
47380,0.0
36807,0.0
20192,0.0
40590,0.0
5284,0.0
30098,0.0
43259,0.0
29377,0.0
9197,0.0
16771,0.0
23848,0.0
3084,0.0
13494,0.0
3452,0.0
12590,0.0
42787,0.0
14646,0.0
40964,0.0
12097,0.0
46681,0.0
30481,0.0
4071,0.0
43408,0.0
37419,0.0
936,0.0
18318,0.0
40701,0.0
17496,0.0
10491,0.0
43599,0.0
2850,0.0
13615,0.0
46885,0.0
47314,0.0
18706,0.0
45139,0.0
43965,0.0
47612,0.0
40612,0.0
9250,0.0
20796,0.0
8372,0.0
18985,0.0
26569,0.0
40722,0.0
34867,0.0
41591,0.0
24723,0.0
3534,0.0
46133,0.0
15618,0.0
39399,0.0
42846,0.0
27128,0.0
47272,0.0
40016,0.0
17694,0.0
30676,0.0
18893,0.0
22878,0.0
7523,0.0
40529,0.0
7871,0.0
38352,0.0
36157,0.0
25828,0.0
11300,0.0
39535,0.0
24594,0.0
7135,0.0
22356,0.0
20385,0.0
2269,0.0
3296,0.0
7235,0.0
11718,0.0
22000,0.0
33411,0.0
7831,0.0
25141,0.0
39906,0.0
29833,0.0
29270,0.0
24092,0.0
7820,0.0
14253,0.0
46385,0.0
8535,0.0
18842,0.0
2070,0.0
45098,0.0
12067,0.0
33703,0.0
14821,0.0
33533,0.0
5074,0.0
32041,0.0
21503,0.0
28206,0.0
5295,0.0
40053,0.0
23766,0.0
4293,0.0
11611,0.0
11242,0.0
19502,0.0
22220,0.0
19354,0.0
15595,0.0
7686,0.0
8492,0.0
41774,0.0
35330,0.0
7390,0.0
44763,0.0
6534,0.0
20996,0.0
33149,0.0
7067,0.0
32510,0.0
43190,0.0
12423,0.0
27169,0.0
32963,0.0
16762,0.0
30890,0.0
22494,0.0
31974,0.0
33489,0.0
14129,0.0
6105,0.0
25533,0.0
14985,0.0
34273,0.0
7927,0.0
18424,0.0
21390,0.0
9808,0.0
37691,0.0
33021,0.0
23233,0.0
8102,0.0
39370,0.0
25239,0.0
37881,0.0
6021,0.0
24231,0.0
37633,0.0
2404,0.0
45490,0.0
7525,0.0
40431,0.0
36550,0.0
44431,0.0
41239,0.0
19454,0.0
31150,0.0
38884,0.0
681,0.0
2541,0.0
36058,0.0
33836,0.0
804,0.0
35481,0.0
2830,0.0
28056,0.0
4729,0.0
38460,0.0
38892,0.0
14352,0.0
16331,0.0
8512,0.0
27873,0.0
22874,0.0
11639,0.0
28224,0.0
5064,0.0
22727,0.0
14048,0.0
9492,0.0
9560,0.0
8403,0.0
4651,0.0
24373,0.0
36300,0.0
28378,0.0
6535,0.0
46295,0.0
33454,0.0
11035,0.0
7953,0.0
21288,0.0
5859,0.0
45040,0.0
17131,0.0
9167,0.0
7633,0.0
17008,0.0
19741,0.0
15134,0.0
37679,0.0
45570,0.0
27744,0.0
47902,0.0
2920,0.0
20827,0.0
11746,0.0
3024,0.0
19998,0.0
15846,0.0
24379,0.0
14467,0.0
17040,0.0
42576,0.0
36933,0.0
5315,0.0
46672,0.0
46005,0.0
3045,0.0
43356,0.0
14020,0.0
7116,0.0
20913,0.0
29127,0.0
32094,0.0
20397,0.0
13573,0.0
37121,0.0
17981,0.0
25854,0.0
22555,0.0
29390,0.0
25173,0.0
34132,0.0
35295,0.0
40753,0.0
25753,0.0
34931,0.0
41706,0.0
30259,0.0
3185,0.0
18129,0.0
5956,0.0
31858,0.0
46726,0.0
27848,0.0
38132,0.0
8933,0.0
41859,0.0
28019,0.0
7477,0.0
16340,0.0
17295,0.0
33259,0.0
41366,0.0
46608,0.0
36894,0.0
42276,0.0
7362,0.0
21558,0.0
24457,0.0
15244,0.0
38815,0.0
42180,0.0
4340,0.0
45394,0.0
15240,0.0
26669,0.0
43762,0.0
37878,0.0
20489,0.0
5814,0.0
20022,0.0
47689,0.0
46190,0.0
21426,0.0
4843,0.0
29788,0.0
29885,0.0
46635,0.0
37788,0.0
27969,0.0
43172,0.0
29450,0.0
41135,0.0
19342,0.0
33513,0.0
1239,0.0
44212,0.0
40878,0.0
45724,0.0
3001,0.0
44059,0.0
23471,0.0
9214,0.0
8545,0.0
18353,0.0
123,0.0
29850,0.0
8417,0.0
26735,0.0
19645,0.0
47044,0.0
13480,0.0
30724,0.0
15263,0.0
23440,0.0
35759,0.0
43478,0.0
29914,0.0
36733,0.0
2875,0.0
23559,0.0
18349,0.0
17541,0.0
19842,0.0
20675,0.0
4143,0.0
37531,0.0
33542,0.0
5504,0.0
31928,0.0
44646,0.0
38617,0.0
21569,0.0
13297,0.0
20522,0.0
23270,0.0
678,0.0
44552,0.0
1074,0.0
3738,0.0
17034,0.0
38215,0.0
20873,0.0
17469,0.0
456,0.0
36019,0.0
26770,0.0
24774,0.0
46249,0.0
29690,0.0
26367,0.0
15577,0.0
24969,0.0
22643,0.0
32806,0.0
40211,0.0
17019,0.0
14847,0.0
55,0.0
29848,0.0
27975,0.0
21281,0.0
38500,0.0
14023,0.0
3367,0.0
20705,0.0
8030,0.0
6675,0.0
26174,0.0
28874,0.0
4424,0.0
31893,0.0
14032,0.0
45027,0.0
33892,0.0
44295,0.0
37549,0.0
13021,0.0
1291,0.0
18632,0.0
13272,0.0
12153,0.0
20472,0.0
17285,0.0
10469,0.0
9281,0.0
22888,0.0
28746,0.0
1249,0.0
44781,0.0
46894,0.0
46338,0.0
22396,0.0
43146,0.0
9171,0.0
24920,0.0
20596,0.0
23841,0.0
19206,0.0
42244,0.0
2516,0.0
29075,0.0
18491,0.0
45297,0.0
35410,0.0
27862,0.0
45377,0.0
14199,0.0
23947,0.0
30867,0.0
28228,0.0
33826,0.0
26518,0.0
8381,0.0
26840,0.0
17594,0.0
3104,0.0
45411,0.0
41993,0.0
18795,0.0
3685,0.0
13732,0.0
40751,0.0
21885,0.0
2869,0.0
28878,0.0
19582,0.0
24150,0.0
6230,0.0
35371,0.0
36161,0.0
28598,0.0
12091,0.0
15896,0.0
41072,0.0
3720,0.0
14849,0.0
1752,0.0
45169,0.0
24821,0.0
30692,0.0
5474,0.0
11834,0.0
40125,0.0
18118,0.0
43407,0.0
20732,0.0
40401,0.0
33708,0.0
33808,0.0
33657,0.0
39851,0.0
25581,0.0
17201,0.0
12664,0.0
46815,0.0
31079,0.0
9904,0.0
13151,0.0
42809,0.0
6912,0.0
25373,0.0
4967,0.0
19630,0.0
42098,0.0
44910,0.0
11993,0.0
40469,0.0
12292,0.0
26780,0.0
12696,0.0
39036,0.0
19465,0.0
5913,0.0
789,0.0
12328,0.0
3385,0.0
11307,0.0
17621,0.0
13358,0.0
41237,0.0
26280,0.0
36813,0.0
14168,0.0
12189,0.0
21023,0.0
8975,0.0
45380,0.0
12784,0.0
24065,0.0
42908,0.0
24146,0.0
26668,0.0
14548,0.0
3932,0.0
28261,0.0
1788,0.0
185,0.0
13045,0.0
43009,0.0
28789,0.0
10392,0.0
15309,0.0
24657,0.0
39170,0.0
169,0.0
43651,0.0
7685,0.0
37730,0.0
28786,0.0
42471,0.0
42484,0.0
287,0.0
36029,0.0
28464,0.0
43802,0.0
34969,0.0
8377,0.0
18420,0.0
5949,0.0
39898,0.0
31485,0.0
23004,0.0
2263,0.0
43766,0.0
29024,0.0
24290,0.0
42392,0.0
1927,0.0
15505,0.0
15681,0.0
43047,0.0
17254,0.0
32891,0.0
15673,0.0
31209,0.0
12656,0.0
6592,0.0
15628,0.0
2124,0.0
15464,0.0
20926,0.0
29394,0.0
19511,0.0
33037,0.0
39681,0.0
36035,0.0
20058,0.0
24031,0.0
45598,0.0
25888,0.0
14741,0.0
36008,0.0
44383,0.0
37102,0.0
19120,0.0
40480,0.0
168,0.0
39029,0.0
43401,0.0
26944,0.0
19597,0.0
26756,0.0
41738,0.0
16094,0.0
7673,0.0
46255,0.0
38007,0.0
42269,0.0
39302,0.0
39182,0.0
11995,0.0
16471,0.0
18715,0.0
28751,0.0
12592,0.0
47275,0.0
28585,0.0
41515,0.0
35328,0.0
31618,0.0
38938,0.0
28178,0.0
35584,0.0
10418,0.0
35137,0.0
38418,0.0
19983,0.0
11162,0.0
38684,0.0
1666,0.0
33042,0.0
26593,0.0
32988,0.0
46710,0.0
12935,0.0
32158,0.0
19566,0.0
23333,0.0
29439,0.0
12786,0.0
8172,0.0
7593,0.0
13185,0.0
45733,0.0
32016,0.0
6635,0.0
38548,0.0
47231,0.0
16329,0.0
14653,0.0
31638,0.0
39674,0.0
21456,0.0
39515,0.0
4597,0.0
329,0.0
29677,0.0
32347,0.0
9852,0.0
22062,0.0
9421,0.0
40966,0.0
46971,0.0
5513,0.0
3857,0.0
47241,0.0
9457,0.0
32513,0.0
3029,0.0
10470,0.0
10582,0.0
41,0.0
35451,0.0
10736,0.0
5479,0.0
5517,0.0
28260,0.0
39205,0.0
36279,0.0
18749,0.0
204,0.0
45032,0.0
28038,0.0
18711,0.0
43927,0.0
19168,0.0
44990,0.0
20558,0.0
16072,0.0
26893,0.0
11877,0.0
11756,0.0
19373,0.0
2038,0.0
39826,0.0
12630,0.0
28302,0.0
6649,0.0
24512,0.0
2790,0.0
17750,0.0
35479,0.0
38509,0.0
44703,0.0
1447,0.0
46094,0.0
24265,0.0
527,0.0
25952,0.0
7100,0.0
4946,0.0
5575,0.0
11847,0.0
10657,0.0
41074,0.0
47056,0.0
26527,0.0
290,0.0
29630,0.0
18398,0.0
37260,0.0
34230,0.0
34137,0.0
29809,0.0
12756,0.0
22509,0.0
15829,0.0
47319,0.0
32200,0.0
18035,0.0
8109,0.0
37590,0.0
32624,0.0
17864,0.0
28284,0.0
35895,0.0
34165,0.0
32421,0.0
18581,0.0
23945,0.0
1805,0.0
2563,0.0
44323,0.0
25556,0.0
15178,0.0
40681,0.0
25540,0.0
42624,0.0
4365,0.0
9077,0.0
3781,0.0
5011,0.0
27424,0.0
41369,0.0
23530,0.0
28529,0.0
35489,0.0
11591,0.0
25906,0.0
28030,0.0
31861,0.0
6467,0.0
28170,0.0
40144,0.0
10801,0.0
32017,0.0
30032,0.0
17178,0.0
8076,0.0
10303,0.0
326,0.0
22823,0.0
21452,0.0
25369,0.0
27159,0.0
34651,0.0
45173,0.0
6302,0.0
7118,0.0
22366,0.0
28485,0.0
29664,0.0
5818,0.0
39088,0.0
8413,0.0
26447,0.0
37438,0.0
9353,0.0
39339,0.0
37550,0.0
7983,0.0
2659,0.0
9868,0.0
46785,0.0
27229,0.0
33636,0.0
2678,0.0
28327,0.0
9415,0.0
8756,0.0
25015,0.0
39154,0.0
13983,0.0
25005,0.0
17431,0.0
8472,0.0
43419,0.0
38127,0.0
10032,0.0
45419,0.0
37447,0.0
26278,0.0
32514,0.0
64,0.0
31973,0.0
24909,0.0
45158,0.0
19435,0.0
24879,0.0
29327,0.0
42365,0.0
12734,0.0
47282,0.0
19762,0.0
30022,0.0
38539,0.0
13396,0.0
14311,0.0
1016,0.0
22054,0.0
13548,0.0
12472,0.0
41593,0.0
6542,0.0
7446,0.0
13308,0.0
25399,0.0
13703,0.0
8937,0.0
38075,0.0
38825,0.0
16194,0.0
44717,0.0
16562,0.0
9502,0.0
33907,0.0
23868,0.0
16817,0.0
39364,0.0
2267,0.0
5348,0.0
27184,0.0
26474,0.0
46577,0.0
18512,0.0
10951,0.0
35178,0.0
9752,0.0
36109,0.0
22425,0.0
33809,0.0
13530,0.0
34663,0.0
30589,0.0
34838,0.0
31343,0.0
19862,0.0
29860,0.0
40808,0.0
9372,0.0
16841,0.0
426,0.0
28055,0.0
41627,0.0
1836,0.0
40575,0.0
15657,0.0
44273,0.0
5576,0.0
21960,0.0
12167,0.0
37723,0.0
6510,0.0
11798,0.0
6931,0.0
37964,0.0
31402,0.0
8346,0.0
45926,0.0
28466,0.0
38988,0.0
26488,0.0
21137,0.0
33774,0.0
36020,0.0
9045,0.0
47027,0.0
19807,0.0
40947,0.0
40608,0.0
44274,0.0
28063,0.0
10573,0.0
18403,0.0
30187,0.0
24311,0.0
4551,0.0
24520,0.0
16652,0.0
33916,0.0
13607,0.0
7372,0.0
18884,0.0
39164,0.0
25403,0.0
7616,0.0
10542,0.0
11131,0.0
17271,0.0
41492,0.0
503,0.0
749,0.0
12201,0.0
36546,0.0
19625,0.0
7142,0.0
38554,0.0
29492,0.0
17902,0.0
44518,0.0
18894,0.0
42838,0.0
12887,0.0
33926,0.0
4792,0.0
19759,0.0
36027,0.0
14276,0.0
28350,0.0
21410,0.0
27526,0.0
19839,0.0
36196,0.0
9075,0.0
17342,0.0
17380,0.0
44760,0.0
20986,0.0
32761,0.0
9065,0.0
26149,0.0
38827,0.0
1593,0.0
2069,0.0
34514,0.0
11541,0.0
38354,0.0
18453,0.0
24733,0.0
37190,0.0
16832,0.0
46247,0.0
3893,0.0
19639,0.0
6292,0.0
3888,0.0
31349,0.0
29349,0.0
14485,0.0
35557,0.0
4877,0.0
4527,0.0
32735,0.0
24228,0.0
2580,0.0
3848,0.0
29589,0.0
11952,0.0
26015,0.0
4499,0.0
20682,0.0
8059,0.0
45661,0.0
35147,0.0
26025,0.0
33655,0.0
17945,0.0
1991,0.0
34632,0.0
34885,0.0
6415,0.0
41443,0.0
14666,0.0
24636,0.0
41889,0.0
23048,0.0
35676,0.0
28506,0.0
29391,0.0
18494,0.0
43007,0.0
8784,0.0
46879,0.0
19681,0.0
14086,0.0
47865,0.0
42303,0.0
16594,0.0
30602,0.0
3403,0.0
30454,0.0
29912,0.0
30304,0.0
38213,0.0
37562,0.0
24793,0.0
17320,0.0
27255,0.0
3874,0.0
30282,0.0
7328,0.0
41009,0.0
30472,0.0
14087,0.0
11088,0.0
11151,0.0
11358,0.0
25413,0.0
13287,0.0
15059,0.0
37507,0.0
34392,0.0
1409,0.0
22477,0.0
24248,0.0
13034,0.0
370,0.0
43367,0.0
41908,0.0
29636,0.0
13537,0.0
25690,0.0
45047,0.0
40825,0.0
43284,0.0
20646,0.0
40526,0.0
40370,0.0
18103,0.0
18487,0.0
7079,0.0
25357,0.0
21763,0.0
7364,0.0
11446,0.0
23844,0.0
29367,0.0
22965,0.0
13838,0.0
14187,0.0
40025,0.0
34985,0.0
9737,0.0
24395,0.0
4504,0.0
39733,0.0
44822,0.0
37543,0.0
19358,0.0
10211,0.0
27858,0.0
42280,0.0
7833,0.0
39789,0.0
28231,0.0
13893,0.0
35378,0.0
2276,0.0
26775,0.0
1486,0.0
13136,0.0
7312,0.0
20994,0.0
9357,0.0
46531,0.0
6204,0.0
32390,0.0
668,0.0
43869,0.0
32696,0.0
47868,0.0
42329,0.0
44192,0.0
10416,0.0
33115,0.0
16727,0.0
46747,0.0
32545,0.0
39944,0.0
13336,0.0
47104,0.0
32885,0.0
4987,0.0
24068,0.0
15369,0.0
30107,0.0
34895,0.0
15930,0.0
37680,0.0
39680,0.0
27387,0.0
35010,0.0
20762,0.0
20963,0.0
37384,0.0
4573,0.0
1896,0.0
32430,0.0
31678,0.0
47515,0.0
36407,0.0
44155,0.0
47410,0.0
36308,0.0
14176,0.0
29134,0.0
42127,0.0
7965,0.0
8084,0.0
17658,0.0
45919,0.0
12971,0.0
31887,0.0
6722,0.0
32893,0.0
15136,0.0
13578,0.0
1273,0.0
46653,0.0
17100,0.0
38678,0.0
7382,0.0
33927,0.0
45318,0.0
38879,0.0
11150,0.0
44176,0.0
44096,0.0
22721,0.0
45977,0.0
18469,0.0
39313,0.0
42941,0.0
36756,0.0
14802,0.0
32714,0.0
26181,0.0
8447,0.0
10024,0.0
37497,0.0
44980,0.0
7004,0.0
9251,0.0
42084,0.0
17121,0.0
15144,0.0
45371,0.0
33223,0.0
37418,0.0
14800,0.0
2015,0.0
14413,0.0
10570,0.0
12586,0.0
23871,0.0
19589,0.0
5941,0.0
43250,0.0
24468,0.0
8844,0.0
16044,0.0
775,0.0
36388,0.0
41518,0.0
33508,0.0
10580,0.0
9796,0.0
12217,0.0
33429,0.0
47375,0.0
12425,0.0
27809,0.0
6997,0.0
87,0.0
1418,0.0
17619,0.0
22442,0.0
31295,0.0
2692,0.0
1341,0.0
17993,0.0
7324,0.0
19748,0.0
34471,0.0
18214,0.0
4371,0.0
11468,0.0
6002,0.0
6332,0.0
12797,0.0
8521,0.0
11770,0.0
19093,0.0
5705,0.0
45075,0.0
32377,0.0
23109,0.0
35868,0.0
42025,0.0
25825,0.0
30087,0.0
42247,0.0
27982,0.0
12780,0.0
31718,0.0
41413,0.0
36573,0.0
31584,0.0
6735,0.0
44381,0.0
30445,0.0
33618,0.0
4127,0.0
24234,0.0
19520,0.0
15603,0.0
26960,0.0
2942,0.0
9405,0.0
16010,0.0
13583,0.0
9642,0.0
10313,0.0
27466,0.0
501,0.0
39331,0.0
11325,0.0
13117,0.0
20115,0.0
31123,0.0
22421,0.0
16971,0.0
38870,0.0
4230,0.0
30839,0.0
15850,0.0
10884,0.0
11386,0.0
29006,0.0
26700,0.0
13088,0.0
113,0.0
8163,0.0
38900,0.0
3632,0.0
42699,0.0
12043,0.0
43511,0.0
6304,0.0
1860,0.0
27968,0.0
46144,0.0
26254,0.0
14840,0.0
10175,0.0
4475,0.0
9620,0.0
41977,0.0
42311,0.0
26788,0.0
680,0.0
21412,0.0
32039,0.0
17532,0.0
20450,0.0
23589,0.0
7209,0.0
21687,0.0
38034,0.0
4375,0.0
33953,0.0
14885,0.0
36303,0.0
34765,0.0
20213,0.0
3846,0.0
46988,0.0
24518,0.0
4470,0.0
35738,0.0
30613,0.0
35702,0.0
18158,0.0
39847,0.0
27394,0.0
10320,0.0
16267,0.0
3750,0.0
40965,0.0
44722,0.0
23704,0.0
39434,0.0
34920,0.0
934,0.0
4132,0.0
28937,0.0
13090,0.0
44266,0.0
373,0.0
1359,0.0
3936,0.0
7417,0.0
21141,0.0
40086,0.0
34379,0.0
44077,0.0
5938,0.0
28273,0.0
2892,0.0
32378,0.0
20341,0.0
36066,0.0
14506,0.0
24358,0.0
9330,0.0
6640,0.0
27399,0.0
23177,0.0
1917,0.0
43769,0.0
19037,0.0
390,0.0
20619,0.0
15779,0.0
15062,0.0
46272,0.0
36779,0.0
14608,0.0
473,0.0
17691,0.0
4755,0.0
35469,0.0
33487,0.0
15377,0.0
2459,0.0
37933,0.0
19318,0.0
5000,0.0
18191,0.0
45672,0.0
44846,0.0
807,0.0
4393,0.0
4993,0.0
37950,0.0
38623,0.0
35928,0.0
38005,0.0
19744,0.0
12985,0.0
16468,0.0
6716,0.0
7050,0.0
9441,0.0
45905,0.0
4228,0.0
44572,0.0
3809,0.0
27000,0.0
38065,0.0
34387,0.0
17849,0.0
28290,0.0
38017,0.0
45441,0.0
10907,0.0
14505,0.0
1091,0.0
13118,0.0
12064,0.0
36092,0.0
37811,0.0
45502,0.0
47703,0.0
19062,0.0
12459,0.0
5111,0.0
1851,0.0
30293,0.0
21601,0.0
35416,0.0
32483,0.0
2688,0.0
19843,0.0
2383,0.0
42305,0.0
32841,0.0
4698,0.0
4834,0.0
29638,0.0
26123,0.0
47419,0.0
8806,0.0
10361,0.0
32388,0.0
18862,0.0
32006,0.0
31848,0.0
26425,0.0
35112,0.0
46182,0.0
31040,0.0
33006,0.0
27682,0.0
15414,0.0
29311,0.0
25487,0.0
2112,0.0
6093,0.0
38876,0.0
35704,0.0
26639,0.0
46116,0.0
2184,0.0
45888,0.0
39326,0.0
47157,0.0
8428,0.0
40543,0.0
38014,0.0
34525,0.0
9738,0.0
29110,0.0
5994,0.0
18948,0.0
25587,0.0
28863,0.0
46827,0.0
41916,0.0
2359,0.0
41683,0.0
34628,0.0
6356,0.0
10359,0.0
18852,0.0
29387,0.0
23247,0.0
9266,0.0
20473,0.0
32313,0.0
38058,0.0
30832,0.0
10818,0.0
21166,0.0
41742,0.0
22453,0.0
40754,0.0
18575,0.0
40108,0.0
30632,0.0
46363,0.0
44821,0.0
19453,0.0
36547,0.0
38854,0.0
18411,0.0
42234,0.0
11645,0.0
28024,0.0
31542,0.0
29642,0.0
47021,0.0
10427,0.0
37520,0.0
23823,0.0
17827,0.0
25645,0.0
20280,0.0
18079,0.0
26401,0.0
15341,0.0
17763,0.0
10486,0.0
34364,0.0
5735,0.0
1318,0.0
23347,0.0
10375,0.0
22842,0.0
38960,0.0
39440,0.0
2616,0.0
40690,0.0
37685,0.0
18007,0.0
42636,0.0
14557,0.0
18910,0.0
24863,0.0
44026,0.0
356,0.0
18665,0.0
794,0.0
30209,0.0
22222,0.0
18597,0.0
24182,0.0
41344,0.0
27782,0.0
23066,0.0
41087,0.0
22850,0.0
43040,0.0
42875,0.0
9600,0.0
13363,0.0
27325,0.0
2248,0.0
26316,0.0
26532,0.0
11332,0.0
25677,0.0
1576,0.0
41126,0.0
8488,0.0
20721,0.0
14350,0.0
24362,0.0
8815,0.0
2232,0.0
20627,0.0
18367,0.0
44448,0.0
38779,0.0
25455,0.0
15821,0.0
33043,0.0
22081,0.0
25910,0.0
37820,0.0
12497,0.0
7898,0.0
3834,0.0
33603,0.0
5895,0.0
22073,0.0
44878,0.0
32292,0.0
22663,0.0
46083,0.0
47216,0.0
11821,0.0
4123,0.0
47047,0.0
11903,0.0
24264,0.0
17140,0.0
15430,0.0
25506,0.0
41165,0.0
41204,0.0
1133,0.0
6092,0.0
41758,0.0
2934,0.0
11743,0.0
45049,0.0
17477,0.0
27109,0.0
38435,0.0
17703,0.0
45269,0.0
8945,0.0
13047,0.0
12967,0.0
12251,0.0
24348,0.0
33304,0.0
25674,0.0
27629,0.0
21542,0.0
17184,0.0
25454,0.0
16277,0.0
11632,0.0
1775,0.0
43548,0.0
23784,0.0
44841,0.0
24010,0.0
10289,0.0
9790,0.0
5093,0.0
10524,0.0
29817,0.0
17524,0.0
14365,0.0
27220,0.0
20576,0.0
12085,0.0
47683,0.0
9948,0.0
10347,0.0
7724,0.0
12895,0.0
28177,0.0
31293,0.0
45546,0.0
20295,0.0
16681,0.0
6403,0.0
15496,0.0
19560,0.0
23381,0.0
44730,0.0
41744,0.0
6127,0.0
6648,0.0
38516,0.0
26971,0.0
7149,0.0
5458,0.0
6352,0.0
13625,0.0
22860,0.0
36344,0.0
35307,0.0
38571,0.0
38518,0.0
36646,0.0
43105,0.0
36262,0.0
6886,0.0
7677,0.0
29875,0.0
33087,0.0
35249,0.0
38888,0.0
30568,0.0
27538,0.0
21201,0.0
29925,0.0
34192,0.0
32186,0.0
10219,0.0
2753,0.0
28909,0.0
35318,0.0
20639,0.0
45305,0.0
3161,0.0
18765,0.0
14525,0.0
41084,0.0
39619,0.0
24967,0.0
342,0.0
16800,0.0
9889,0.0
6223,0.0
7666,0.0
18441,0.0
22616,0.0
40982,0.0
25232,0.0
21037,0.0
30623,0.0
41340,0.0
32768,0.0
37375,0.0
40625,0.0
2914,0.0
47039,0.0
14452,0.0
25368,0.0
46055,0.0
23297,0.0
16305,0.0
30670,0.0
14368,0.0
41924,0.0
4374,0.0
30317,0.0
31582,0.0
17135,0.0
32751,0.0
37838,0.0
7676,0.0
14937,0.0
18624,0.0
34249,0.0
42323,0.0
9819,0.0
5069,0.0
21807,0.0
22123,0.0
14642,0.0
958,0.0
6276,0.0
39506,0.0
17865,0.0
19328,0.0
31787,0.0
47767,0.0
24420,0.0
29513,0.0
45778,0.0
39204,0.0
6977,0.0
24831,0.0
33782,0.0
29813,0.0
7375,0.0
20187,0.0
33823,0.0
41038,0.0
40843,0.0
8215,0.0
10111,0.0
17646,0.0
33094,0.0
40627,0.0
40440,0.0
10699,0.0
41103,0.0
40531,0.0
7296,0.0
19092,0.0
19774,0.0
6470,0.0
2932,0.0
19139,0.0
4872,0.0
38336,0.0
11874,0.0
38875,0.0
16828,0.0
11016,0.0
10082,0.0
36390,0.0
23870,0.0
35435,0.0
20438,0.0
13393,0.0
43791,0.0
45653,0.0
6337,0.0
44238,0.0
25084,0.0
15147,0.0
32920,0.0
14624,0.0
32242,0.0
27356,0.0
23911,0.0
27836,0.0
25483,0.0
46157,0.0
41482,0.0
29104,0.0
2633,0.0
8031,0.0
11644,0.0
36184,0.0
46114,0.0
29732,0.0
523,0.0
28136,0.0
37454,0.0
32555,0.0
2355,0.0
12199,0.0
22528,0.0
22761,0.0
25850,0.0
22072,0.0
6516,0.0
31491,0.0
26604,0.0
26807,0.0
44668,0.0
33416,0.0
18307,0.0
45272,0.0
30460,0.0
10209,0.0
31564,0.0
938,0.0
33576,0.0
4509,0.0
35982,0.0
23702,0.0
42497,0.0
30572,0.0
45876,0.0
960,0.0
7891,0.0
7687,0.0
41634,0.0
15636,0.0
29595,0.0
7254,0.0
47424,0.0
39259,0.0
44058,0.0
24627,0.0
2834,0.0
23103,0.0
24009,0.0
10245,0.0
26564,0.0
4535,0.0
36878,0.0
43332,0.0
46371,0.0
36986,0.0
4741,0.0
17038,0.0
37168,0.0
1645,0.0
43137,0.0
38918,0.0
15222,0.0
43533,0.0
20108,0.0
47412,0.0
16639,0.0
13259,0.0
23152,0.0
36481,0.0
42466,0.0
5143,0.0
21095,0.0
7037,0.0
29035,0.0
45887,0.0
14631,0.0
35746,0.0
29308,0.0
36531,0.0
29030,0.0
14031,0.0
37596,0.0
36193,0.0
7432,0.0
47938,0.0
5979,0.0
8190,0.0
31297,0.0
3766,0.0
39643,0.0
13125,0.0
29674,0.0
7174,0.0
25314,0.0
36641,0.0
6128,0.0
31704,0.0
33256,0.0
43399,0.0
10825,0.0
47765,0.0
41743,0.0
27841,0.0
9799,0.0
25891,0.0
14145,0.0
7252,0.0
12188,0.0
3763,0.0
3527,0.0
22014,0.0
19711,0.0
28121,0.0
46822,0.0
31328,0.0
33239,0.0
15284,0.0
17195,0.0
20918,0.0
24702,0.0
14208,0.0
44203,0.0
16375,0.0
15003,0.0
34487,0.0
3537,0.0
16209,0.0
35426,0.0
20968,0.0
38345,0.0
37402,0.0
23286,0.0
33770,0.0
34080,0.0
255,0.0
29880,0.0
45053,0.0
47811,0.0
20954,0.0
1499,0.0
19801,0.0
10187,0.0
32792,0.0
6075,0.0
15454,0.0
39554,0.0
1193,0.0
13953,0.0
37368,0.0
37777,0.0
22028,0.0
16129,0.0
9336,0.0
15176,0.0
888,0.0
2100,0.0
42513,0.0
33610,0.0
44855,0.0
10372,0.0
29575,0.0
14771,0.0
18593,0.0
20769,0.0
12499,0.0
28819,0.0
34888,0.0
33189,0.0
30689,0.0
41607,0.0
605,0.0
38037,0.0
850,0.0
26191,0.0
42378,0.0
46915,0.0
42696,0.0
9724,0.0
42138,0.0
2092,0.0
11,0.0
30976,0.0
17385,0.0
34286,0.0
20724,0.0
29811,0.0
32533,0.0
36138,0.0
3301,0.0
25557,0.0
7818,0.0
28501,0.0
46495,0.0
26309,0.0
46920,0.0
9089,0.0
43628,0.0
24071,0.0
7218,0.0
3000,0.0
41310,0.0
46684,0.0
8010,0.0
39466,0.0
9165,0.0
41731,0.0
6368,0.0
22221,0.0
25104,0.0
19060,0.0
38569,0.0
47349,0.0
46777,0.0
9378,0.0
39595,0.0
4646,0.0
47748,0.0
22228,0.0
15676,0.0
5114,0.0
29844,0.0
26664,0.0
26882,0.0
15083,0.0
12593,0.0
16238,0.0
11876,0.0
18445,0.0
27051,0.0
46318,0.0
28686,0.0
44232,0.0
10194,0.0
37276,0.0
33825,0.0
34828,0.0
33538,0.0
33108,0.0
14712,0.0
14383,0.0
9391,0.0
46297,0.0
20092,0.0
29872,0.0
15548,0.0
8207,0.0
2037,0.0
41463,0.0
2864,0.0
43706,0.0
15608,0.0
23643,0.0
6672,0.0
13689,0.0
23480,0.0
9341,0.0
16588,0.0
28988,0.0
45243,0.0
26632,0.0
2014,0.0
29509,0.0
19776,0.0
12039,0.0
39039,0.0
32235,0.0
13849,0.0
22102,0.0
9038,0.0
1641,0.0
47878,0.0
17772,0.0
256,0.0
30749,0.0
28097,0.0
34117,0.0
14251,0.0
2256,0.0
45580,0.0
12448,0.0
12038,0.0
41794,0.0
25188,0.0
16845,0.0
8456,0.0
38784,0.0
22046,0.0
26423,0.0
14026,0.0
33353,0.0
29948,0.0
37742,0.0
9088,0.0
8965,0.0
17459,0.0
45795,0.0
35031,0.0
39223,0.0
32066,0.0
33140,0.0
14829,0.0
5696,0.0
47951,0.0
20301,0.0
44567,0.0
18704,0.0
3704,0.0
44222,0.0
36920,0.0
1929,0.0
1731,0.0
15738,0.0
11674,0.0
27183,0.0
40271,0.0
40905,0.0
13379,0.0
25097,0.0
41828,0.0
20240,0.0
15866,0.0
39894,0.0
24606,0.0
12933,0.0
11701,0.0
24773,0.0
14289,0.0
15202,0.0
45759,0.0
13577,0.0
25909,0.0
1159,0.0
36959,0.0
47173,0.0
515,0.0
20000,0.0
7945,0.0
19916,0.0
39561,0.0
37266,0.0
44535,0.0
7157,0.0
4880,0.0
33061,0.0
43982,0.0
30848,0.0
14754,0.0
5791,0.0
43092,0.0
13870,0.0
171,0.0
8141,0.0
24884,0.0
11474,0.0
46342,0.0
45325,0.0
3997,0.0
18989,0.0
15092,0.0
15931,0.0
1412,0.0
25211,0.0
29646,0.0
35214,0.0
27233,0.0
42055,0.0
29212,0.0
5807,0.0
23507,0.0
41918,0.0
29886,0.0
30212,0.0
13626,0.0
15785,0.0
26390,0.0
41356,0.0
12280,0.0
6818,0.0
3028,0.0
7798,0.0
38535,0.0
17633,0.0
15388,0.0
43043,0.0
10663,0.0
19337,0.0
44065,0.0
46349,0.0
19268,0.0
35855,0.0
37760,0.0
22828,0.0
44231,0.0
26373,0.0
14804,0.0
44087,0.0
13387,0.0
5806,0.0
6947,0.0
37785,0.0
23310,0.0
8233,0.0
26168,0.0
2234,0.0
14280,0.0
11041,0.0
29867,0.0
24815,0.0
32279,0.0
8398,0.0
37570,0.0
32706,0.0
19512,0.0
34972,0.0
4862,0.0
23730,0.0
45329,0.0
43967,0.0
11233,0.0
23914,0.0
22323,0.0
36633,0.0
19729,0.0
44012,0.0
38578,0.0
35475,0.0
37039,0.0
17060,0.0
31636,0.0
8500,0.0
37956,0.0
387,0.0
11110,0.0
19555,0.0
771,0.0
32154,0.0
20538,0.0
30672,0.0
42123,0.0
39690,0.0
3565,0.0
37580,0.0
26875,0.0
13719,0.0
17651,0.0
27805,0.0
6212,0.0
36575,0.0
15436,0.0
14223,0.0
25947,0.0
20098,0.0
17314,0.0
32120,0.0
26175,0.0
26935,0.0
37635,0.0
1548,0.0
41478,0.0
20453,0.0
5439,0.0
36897,0.0
31673,0.0
8561,0.0
19917,0.0
10572,0.0
747,0.0
43709,0.0
11518,0.0
21840,0.0
17567,0.0
21350,0.0
150,0.0
45514,0.0
37741,0.0
42819,0.0
46449,0.0
44948,0.0
46193,0.0
40443,0.0
21620,0.0
28888,0.0
35361,0.0
1363,0.0
8380,0.0
11069,0.0
13832,0.0
34807,0.0
45308,0.0
39580,0.0
4554,0.0
35803,0.0
29008,0.0
36017,0.0
12637,0.0
14473,0.0
13011,0.0
47660,0.0
22959,0.0
28069,0.0
5911,0.0
7815,0.0
45046,0.0
18534,0.0
43504,0.0
7075,0.0
19331,0.0
42381,0.0
8628,0.0
46497,0.0
24285,0.0
32188,0.0
34389,0.0
1484,0.0
41343,0.0
43905,0.0
15237,0.0
17243,0.0
7457,0.0
31912,0.0
14122,0.0
18490,0.0
9179,0.0
23736,0.0
15734,0.0
8040,0.0
23040,0.0
28329,0.0
21849,0.0
25060,0.0
45220,0.0
28339,0.0
43389,0.0
30163,0.0
36033,0.0
19121,0.0
32001,0.0
4826,0.0
29592,0.0
9835,0.0
20681,0.0
28103,0.0
4586,0.0
25859,0.0
29126,0.0
18028,0.0
13708,0.0
33168,0.0
37894,0.0
29175,0.0
21082,0.0
5598,0.0
43151,0.0
10696,0.0
27404,0.0
10478,0.0
8008,0.0
36811,0.0
46404,0.0
32810,0.0
45300,0.0
38695,0.0
10784,0.0
12414,0.0
34653,0.0
15574,0.0
40769,0.0
4607,0.0
32569,0.0
26339,0.0
19891,0.0
2593,0.0
39809,0.0
7623,0.0
37114,0.0
43773,0.0
8632,0.0
19087,0.0
2925,0.0
35546,0.0
15293,0.0
46079,0.0
3636,0.0
16208,0.0
32698,0.0
19669,0.0
38712,0.0
27349,0.0
32236,0.0
9553,0.0
35976,0.0
28667,0.0
32818,0.0
18933,0.0
40174,0.0
36206,0.0
27946,0.0
20845,0.0
41971,0.0
36845,0.0
37229,0.0
6024,0.0
31394,0.0
9377,0.0
25614,0.0
26940,0.0
11669,0.0
1400,0.0
45141,0.0
9322,0.0
29551,0.0
26613,0.0
46810,0.0
17857,0.0
22584,0.0
47955,0.0
9891,0.0
15356,0.0
17896,0.0
43969,0.0
13842,0.0
15078,0.0
28802,0.0
15345,0.0
11997,0.0
16432,0.0
31397,0.0
18358,0.0
14613,0.0
41991,0.0
47390,0.0
31865,0.0
38902,0.0
5842,0.0
14296,0.0
19018,0.0
22639,0.0
38738,0.0
23483,0.0
46749,0.0
12071,0.0
36863,0.0
3843,0.0
8732,0.0
15808,0.0
40149,0.0
29160,0.0
33421,0.0
33627,0.0
30149,0.0
20578,0.0
19150,0.0
37763,0.0
1474,0.0
45596,0.0
15900,0.0
6343,0.0
10935,0.0
34729,0.0
34610,0.0
13265,0.0
25931,0.0
30319,0.0
11555,0.0
21524,0.0
7713,0.0
3313,0.0
7605,0.0
13544,0.0
2888,0.0
43180,0.0
10719,0.0
37372,0.0
29124,0.0
22667,0.0
21469,0.0
34540,0.0
1368,0.0
30794,0.0
30772,0.0
17400,0.0
17039,0.0
2057,0.0
1331,0.0
10713,0.0
44462,0.0
44829,0.0
9248,0.0
9394,0.0
41250,0.0
33928,0.0
314,0.0
23933,0.0
10754,0.0
33370,0.0
7486,0.0
45851,0.0
38348,0.0
40062,0.0
31619,0.0
30776,0.0
30554,0.0
21874,0.0
17448,0.0
41348,0.0
39169,0.0
30344,0.0
27513,0.0
26063,0.0
12194,0.0
19529,0.0
26841,0.0
24032,0.0
14428,0.0
4015,0.0
2776,0.0
41345,0.0
38245,0.0
15359,0.0
30584,0.0
20135,0.0
18253,0.0
41282,0.0
7057,0.0
11241,0.0
25972,0.0
22964,0.0
33250,0.0
10678,0.0
38836,0.0
16927,0.0
23866,0.0
36631,0.0
37054,0.0
6069,0.0
5192,0.0
39480,0.0
16390,0.0
35731,0.0
40200,0.0
27464,0.0
16070,0.0
45037,0.0
3705,0.0
44009,0.0
29835,0.0
10923,0.0
21662,0.0
8785,0.0
23234,0.0
40949,0.0
16725,0.0
3096,0.0
5175,0.0
4784,0.0
30685,0.0
9793,0.0
36310,0.0
4334,0.0
33840,0.0
29795,0.0
9153,0.0
43938,0.0
47144,0.0
23054,0.0
31208,0.0
43001,0.0
6864,0.0
21225,0.0
29731,0.0
39189,0.0
34654,0.0
36225,0.0
7405,0.0
20353,0.0
5656,0.0
40712,0.0
21292,0.0
35969,0.0
26375,0.0
22623,0.0
9008,0.0
2701,0.0
33048,0.0
34644,0.0
10173,0.0
32403,0.0
46787,0.0
12059,0.0
36918,0.0
3338,0.0
35987,0.0
3216,0.0
5547,0.0
30211,0.0
3149,0.0
7460,0.0
30845,0.0
23221,0.0
35071,0.0
32657,0.0
20793,0.0
12594,0.0
26835,0.0
30492,0.0
13429,0.0
12380,0.0
20901,0.0
45902,0.0
7413,0.0
3655,0.0
4915,0.0
292,0.0
38962,0.0
11049,0.0
41550,0.0
17766,0.0
37370,0.0
15475,0.0
22229,0.0
27705,0.0
26337,0.0
19055,0.0
37839,0.0
41820,0.0
31179,0.0
11355,0.0
22627,0.0
6787,0.0
9638,0.0
34690,0.0
9066,0.0
13747,0.0
25296,0.0
22865,0.0
2547,0.0
32457,0.0
16863,0.0
46940,0.0
20164,0.0
14288,0.0
38480,0.0
24061,0.0
37224,0.0
45737,0.0
45504,0.0
21626,0.0
25714,0.0
35309,0.0
45488,0.0
37250,0.0
2605,0.0
7760,0.0
32401,0.0
47194,0.0
5671,0.0
1325,0.0
47092,0.0
7467,0.0
7872,0.0
36293,0.0
29960,0.0
3,0.0
41225,0.0
29115,0.0
13695,0.0
24487,0.0
47161,0.0
33746,0.0
9757,0.0
16738,0.0
24369,0.0
17642,0.0
23410,0.0
25054,0.0
37235,0.0
18182,0.0
3870,0.0
3588,0.0
22290,0.0
15897,0.0
352,0.0
20152,0.0
4395,0.0
42060,0.0
22274,0.0
38630,0.0
1551,0.0
35165,0.0
6376,0.0
13342,0.0
35183,0.0
32675,0.0
21339,0.0
22127,0.0
33804,0.0
45843,0.0
47452,0.0
31938,0.0
20851,0.0
139,0.0
307,0.0
14762,0.0
22308,0.0
34436,0.0
5777,0.0
31043,0.0
265,0.0
35521,0.0
1804,0.0
1386,0.0
17511,0.0
4831,0.0
13324,0.0
37347,0.0
32895,0.0
17898,0.0
19846,0.0
43253,0.0
43961,0.0
26762,0.0
16192,0.0
33308,0.0
21616,0.0
18421,0.0
29445,0.0
3408,0.0
28446,0.0
46943,0.0
39183,0.0
24377,0.0
29781,0.0
39743,0.0
45838,0.0
35254,0.0
3699,0.0
7727,0.0
21209,0.0
39949,0.0
1457,0.0
45017,0.0
24278,0.0
41895,0.0
5012,0.0
47826,0.0
27603,0.0
27067,0.0
20939,0.0
17730,0.0
22557,0.0
32932,0.0
23767,0.0
29647,0.0
15373,0.0
9990,0.0
23383,0.0
8984,0.0
44339,0.0
20048,0.0
45613,0.0
1677,0.0
13926,0.0
34289,0.0
10773,0.0
17722,0.0
35607,0.0
43684,0.0
21479,0.0
14095,0.0
7042,0.0
8000,0.0
20899,0.0
39278,0.0
11116,0.0
37688,0.0
28657,0.0
28613,0.0
34085,0.0
22763,0.0
40774,0.0
5758,0.0
32777,0.0
12358,0.0
26080,0.0
39469,0.0
31777,0.0
3179,0.0
40917,0.0
36248,0.0
32117,0.0
24341,0.0
13016,0.0
32840,0.0
16816,0.0
43392,0.0
30027,0.0
31405,0.0
34522,0.0
30301,0.0
47088,0.0
16282,0.0
26478,0.0
10727,0.0
9051,0.0
8261,0.0
27484,0.0
2416,0.0
38818,0.0
22303,0.0
6181,0.0
5929,0.0
36046,0.0
10402,0.0
30760,0.0
38006,0.0
27528,0.0
38694,0.0
36953,0.0
29950,0.0
34749,0.0
35411,0.0
8459,0.0
45929,0.0
28563,0.0
28732,0.0
38556,0.0
9922,0.0
43387,0.0
920,0.0
44350,0.0
43386,0.0
40373,0.0
2429,0.0
47945,0.0
30931,0.0
3071,0.0
23486,0.0
3049,0.0
12536,0.0
44960,0.0
32180,0.0
29774,0.0
870,0.0
17974,0.0
4349,0.0
36954,0.0
1913,0.0
31540,0.0
46228,0.0
27436,0.0
30122,0.0
10714,0.0
19951,0.0
35370,0.0
40303,0.0
19187,0.0
43858,0.0
14949,0.0
34232,0.0
37521,0.0
30299,0.0
28325,0.0
23795,0.0
22548,0.0
25321,0.0
8037,0.0
33015,0.0
14831,0.0
1802,0.0
21719,0.0
30930,0.0
7058,0.0
13600,0.0
36944,0.0
36721,0.0
36627,0.0
26369,0.0
47344,0.0
25752,0.0
27141,0.0
33206,0.0
24797,0.0
18927,0.0
33643,0.0
47010,0.0
16524,0.0
19533,0.0
10490,0.0
40718,0.0
22553,0.0
2736,0.0
17355,0.0
19996,0.0
37032,0.0
23746,0.0
3124,0.0
26459,0.0
46074,0.0
37665,0.0
26016,0.0
6391,0.0
38472,0.0
43451,0.0
45560,0.0
15943,0.0
45023,0.0
394,0.0
37376,0.0
40861,0.0
42488,0.0
14486,0.0
30926,0.0
35606,0.0
42582,0.0
2266,0.0
46963,0.0
9215,0.0
27802,0.0
11977,0.0
13762,0.0
26536,0.0
27211,0.0
1237,0.0
44261,0.0
41543,0.0
22805,0.0
27667,0.0
4760,0.0
27127,0.0
28643,0.0
46287,0.0
44606,0.0
45462,0.0
22853,0.0
24375,0.0
29333,0.0
1267,0.0
7948,0.0
6310,0.0
466,0.0
19378,0.0
39263,0.0
30782,0.0
18786,0.0
15129,0.0
36249,0.0
41448,0.0
21052,0.0
18523,0.0
28167,0.0
36777,0.0
8410,0.0
17673,0.0
8592,0.0
15127,0.0
43132,0.0
38702,0.0
4587,0.0
26296,0.0
20667,0.0
43603,0.0
33598,0.0
40360,0.0
7946,0.0
12437,0.0
5184,0.0
3937,0.0
10031,0.0
27414,0.0
36946,0.0
44683,0.0
31004,0.0
4662,0.0
33260,0.0
149,0.0
34242,0.0
27997,0.0
47762,0.0
9042,0.0
766,0.0
28133,0.0
33082,0.0
14513,0.0
28665,0.0
39485,0.0
5662,0.0
322,0.0
39706,0.0
20708,0.0
20268,0.0
42062,0.0
15169,0.0
45148,0.0
38982,0.0
10861,0.0
9684,0.0
41535,0.0
17850,0.0
1741,0.0
38972,0.0
45398,0.0
28029,0.0
38274,0.0
6925,0.0
43071,0.0
28889,0.0
10033,0.0
36843,0.0
42041,0.0
17674,0.0
21442,0.0
26264,0.0
33490,0.0
38729,0.0
371,0.0
9261,0.0
33361,0.0
25466,0.0
39482,0.0
12921,0.0
44316,0.0
16703,0.0
26903,0.0
35831,0.0
320,0.0
5191,0.0
22464,0.0
2717,0.0
39742,0.0
8279,0.0
24959,0.0
26596,0.0
3082,0.0
41284,0.0
11388,0.0
38883,0.0
16450,0.0
3379,0.0
17407,0.0
39184,0.0
47206,0.0
4670,0.0
39669,0.0
16306,0.0
13515,0.0
905,0.0
24563,0.0
12697,0.0
4066,0.0
2726,0.0
40928,0.0
21799,0.0
40028,0.0
6712,0.0
17863,0.0
1272,0.0
11454,0.0
35578,0.0
31620,0.0
20510,0.0
42310,0.0
36222,0.0
43380,0.0
41520,0.0
21323,0.0
40856,0.0
37812,0.0
22448,0.0
809,0.0
38366,0.0
19193,0.0
46596,0.0
35639,0.0
41811,0.0
31100,0.0
6687,0.0
34029,0.0
26684,0.0
14788,0.0
7515,0.0
36535,0.0
27218,0.0
37834,0.0
13508,0.0
35033,0.0
32618,0.0
24568,0.0
32756,0.0
37632,0.0
42844,0.0
27560,0.0
13371,0.0
15658,0.0
6009,0.0
1774,0.0
27600,0.0
37940,0.0
35,0.0
6110,0.0
10346,0.0
45067,0.0
8001,0.0
30342,0.0
47002,0.0
38089,0.0
41386,0.0
7060,0.0
1088,0.0
35958,0.0
26128,0.0
13947,0.0
21401,0.0
39438,0.0
13459,0.0
42422,0.0
38457,0.0
6959,0.0
38085,0.0
34114,0.0
15582,0.0
40777,0.0
45401,0.0
9885,0.0
35219,0.0
40384,0.0
7694,0.0
41899,0.0
16275,0.0
11519,0.0
40596,0.0
34204,0.0
35968,0.0
36479,0.0
22177,0.0
16423,0.0
40906,0.0
7243,0.0
31648,0.0
29927,0.0
21806,0.0
12034,0.0
38304,0.0
6812,0.0
24991,0.0
9886,0.0
1739,0.0
32729,0.0
26857,0.0
26068,0.0
12999,0.0
5832,0.0
5794,0.0
3871,0.0
28002,0.0
41118,0.0
39811,0.0
41932,0.0
35279,0.0
47958,0.0
37245,0.0
137,0.0
25159,0.0
99,0.0
28199,0.0
1648,0.0
13738,0.0
30427,0.0
20392,0.0
46579,0.0
19473,0.0
31147,0.0
42161,0.0
41651,0.0
8025,0.0
35918,0.0
13179,0.0
40803,0.0
36956,0.0
37583,0.0
44512,0.0
41598,0.0
16268,0.0
23454,0.0
8720,0.0
16629,0.0
34757,0.0
22535,0.0
32340,0.0
22042,0.0
12917,0.0
34061,0.0
37311,0.0
32496,0.0
13993,0.0
10903,0.0
35949,0.0
30687,0.0
20154,0.0
40228,0.0
44943,0.0
28849,0.0
27362,0.0
11285,0.0
14461,0.0
21377,0.0
20396,0.0
44248,0.0
26041,0.0
44971,0.0
15979,0.0
30251,0.0
22065,0.0
30709,0.0
43270,0.0
6294,0.0
22660,0.0
45671,0.0
42155,0.0
8888,0.0
29082,0.0
8086,0.0
45146,0.0
222,0.0
40790,0.0
28086,0.0
22767,0.0
27497,0.0
21156,0.0
29887,0.0
25569,0.0
28520,0.0
18620,0.0
19176,0.0
46478,0.0
16835,0.0
376,0.0
3245,0.0
15901,0.0
1826,0.0
11104,0.0
23157,0.0
974,0.0
44648,0.0
14958,0.0
22869,0.0
34418,0.0
9636,0.0
41885,0.0
45007,0.0
7377,0.0
44436,0.0
14042,0.0
46508,0.0
14739,0.0
32882,0.0
34330,0.0
12742,0.0
26190,0.0
6060,0.0
21819,0.0
31098,0.0
26148,0.0
33879,0.0
3975,0.0
32303,0.0
23368,0.0
17481,0.0
46630,0.0
4045,0.0
22411,0.0
16730,0.0
47941,0.0
4019,0.0
3240,0.0
39452,0.0
28907,0.0
1884,0.0
31345,0.0
20874,0.0
41880,0.0
39273,0.0
24463,0.0
11755,0.0
41761,0.0
8015,0.0
11800,0.0
13210,0.0
42283,0.0
41231,0.0
46194,0.0
26116,0.0
32334,0.0
16791,0.0
12385,0.0
18800,0.0
21497,0.0
42686,0.0
22952,0.0
22573,0.0
20195,0.0
9443,0.0
2582,0.0
32644,0.0
45483,0.0
10569,0.0
39277,0.0
6124,0.0
42748,0.0
20687,0.0
3696,0.0
33407,0.0
3559,0.0
20329,0.0
5403,0.0
42654,0.0
44894,0.0
11244,0.0
41643,0.0
43587,0.0
27030,0.0
6196,0.0
8982,0.0
22981,0.0
3354,0.0
43554,0.0
45336,0.0
38802,0.0
39904,0.0
13540,0.0
11393,0.0
38121,0.0
47508,0.0
16585,0.0
31907,0.0
254,0.0
18138,0.0
40150,0.0
25241,0.0
17837,0.0
19975,0.0
15332,0.0
2354,0.0
1831,0.0
12438,0.0
11915,0.0
5815,0.0
12931,0.0
29343,0.0
47875,0.0
12124,0.0
46024,0.0
39103,0.0
3201,0.0
35716,0.0
39021,0.0
1570,0.0
30615,0.0
29325,0.0
37527,0.0
47094,0.0
30786,0.0
5083,0.0
786,0.0
23916,0.0
3101,0.0
30938,0.0
571,0.0
4484,0.0
17098,0.0
33903,0.0
32622,0.0
40792,0.0
30519,0.0
23242,0.0
1259,0.0
31661,0.0
26985,0.0
17562,0.0
4173,0.0
46695,0.0
30547,0.0
29438,0.0
18199,0.0
34185,0.0
29532,0.0
23964,0.0
15314,0.0
34184,0.0
32405,0.0
43744,0.0
14312,0.0
10156,0.0
32754,0.0
13536,0.0
15640,0.0
3438,0.0
36410,0.0
24571,0.0
4924,0.0
10634,0.0
22558,0.0
27226,0.0
15441,0.0
47167,0.0
15795,0.0
27727,0.0
15558,0.0
26196,0.0
23237,0.0
25942,0.0
1485,0.0
42663,0.0
29934,0.0
45130,0.0
17284,0.0
34852,0.0
28286,0.0
9331,0.0
41426,0.0
28564,0.0
38468,0.0
36741,0.0
18991,0.0
8406,0.0
18001,0.0
38419,0.0
4494,0.0
9317,0.0
45988,0.0
21750,0.0
23756,0.0
46825,0.0
39980,0.0
18730,0.0
11208,0.0
46525,0.0
3851,0.0
29926,0.0
11940,0.0
9843,0.0
21956,0.0
30406,0.0
44360,0.0
5830,0.0
20313,0.0
25068,0.0
17049,0.0
3949,0.0
38954,0.0
28438,0.0
27352,0.0
10075,0.0
10881,0.0
3194,0.0
35914,0.0
36851,0.0
40188,0.0
37482,0.0
33073,0.0
23491,0.0
43385,0.0
40632,0.0
14454,0.0
4655,0.0
24089,0.0
6967,0.0
40832,0.0
19953,0.0
6010,0.0
42219,0.0
28227,0.0
21857,0.0
37813,0.0
37967,0.0
40375,0.0
13285,0.0
38979,0.0
46017,0.0
16534,0.0
30114,0.0
40631,0.0
30801,0.0
39054,0.0
11868,0.0
2319,0.0
12801,0.0
8771,0.0
6976,0.0
26513,0.0
16956,0.0
25184,0.0
15771,0.0
47888,0.0
45265,0.0
27095,0.0
20594,0.0
22701,0.0
44772,0.0
6663,0.0
9240,0.0
8087,0.0
40032,0.0
36068,0.0
21688,0.0
20847,0.0
9329,0.0
33022,0.0
5292,0.0
22242,0.0
25089,0.0
11118,0.0
22460,0.0
35267,0.0
9283,0.0
43381,0.0
31002,0.0
32484,0.0
16066,0.0
19097,0.0
21711,0.0
37697,0.0
22131,0.0
11647,0.0
25902,0.0
20826,0.0
13158,0.0
37356,0.0
10384,0.0
10734,0.0
36970,0.0
37449,0.0
34622,0.0
1662,0.0
40170,0.0
10074,0.0
41085,0.0
20208,0.0
31437,0.0
25069,0.0
45612,0.0
2085,0.0
46093,0.0
28949,0.0
8386,0.0
8990,0.0
18879,0.0
31978,0.0
25792,0.0
8345,0.0
11060,0.0
3768,0.0
33666,0.0
35323,0.0
11405,0.0
34647,0.0
8016,0.0
16112,0.0
30628,0.0
31065,0.0
28893,0.0
17204,0.0
10226,0.0
44445,0.0
10494,0.0
8448,0.0
13497,0.0
8244,0.0
41088,0.0
47156,0.0
4316,0.0
41457,0.0
8837,0.0
1938,0.0
43662,0.0
12144,0.0
7906,0.0
26291,0.0
31506,0.0
21560,0.0
15256,0.0
10772,0.0
39940,0.0
10755,0.0
3396,0.0
44792,0.0
30351,0.0
33273,0.0
26145,0.0
10550,0.0
18890,0.0
23387,0.0
33067,0.0
11617,0.0
9238,0.0
46930,0.0
437,0.0
39739,0.0
27917,0.0
12490,0.0
28217,0.0
2865,0.0
45564,0.0
33933,0.0
19503,0.0
38686,0.0
20898,0.0
7741,0.0
34930,0.0
2511,0.0
18194,0.0
43273,0.0
33561,0.0
21002,0.0
15834,0.0
18347,0.0
20211,0.0
14745,0.0
4739,0.0
22469,0.0
44967,0.0
20635,0.0
28553,0.0
541,0.0
24437,0.0
18404,0.0
34636,0.0
36764,0.0
32142,0.0
39579,0.0
41944,0.0
2157,0.0
43454,0.0
18810,0.0
15399,0.0
34014,0.0
22241,0.0
35906,0.0
45343,0.0
31712,0.0
43066,0.0
9669,0.0
47362,0.0
46954,0.0
36582,0.0
23820,0.0
34892,0.0
16428,0.0
11430,0.0
20393,0.0
11717,0.0
43125,0.0
31280,0.0
1589,0.0
46451,0.0
32914,0.0
18639,0.0
6718,0.0
39687,0.0
20382,0.0
22250,0.0
28314,0.0
18871,0.0
46113,0.0
14981,0.0
21140,0.0
43815,0.0
12130,0.0
15135,0.0
5261,0.0
33786,0.0
22057,0.0
1732,0.0
31499,0.0
9244,0.0
26057,0.0
26046,0.0
31824,0.0
35106,0.0
11728,0.0
40438,0.0
32762,0.0
12685,0.0
21517,0.0
1238,0.0
27605,0.0
12897,0.0
18527,0.0
2172,0.0
47668,0.0
45900,0.0
43002,0.0
15513,0.0
29766,0.0
26846,0.0
3892,0.0
25793,0.0
22694,0.0
12691,0.0
31431,0.0
19655,0.0
26799,0.0
22256,0.0
28867,0.0
36159,0.0
39240,0.0
36165,0.0
36205,0.0
7280,0.0
37340,0.0
35286,0.0
24134,0.0
11573,0.0
21177,0.0
40795,0.0
26782,0.0
11524,0.0
11951,0.0
13938,0.0
29435,0.0
12007,0.0
22692,0.0
926,0.0
16425,0.0
18522,0.0
12811,0.0
3375,0.0
30246,0.0
34357,0.0
1180,0.0
40517,0.0
27951,0.0
32208,0.0
41008,0.0
28205,0.0
19101,0.0
33604,0.0
16569,0.0
23028,0.0
2123,0.0
10078,0.0
33672,0.0
37042,0.0
41100,0.0
25497,0.0
46256,0.0
26352,0.0
15123,0.0
21913,0.0
6177,0.0
25467,0.0
21513,0.0
11918,0.0
39065,0.0
3657,0.0
42695,0.0
30525,0.0
676,0.0
701,0.0
15286,0.0
24911,0.0
15998,0.0
25563,0.0
38999,0.0
4188,0.0
34149,0.0
8157,0.0
475,0.0
45890,0.0
20290,0.0
38363,0.0
31637,0.0
17266,0.0
13741,0.0
32141,0.0
34240,0.0
7785,0.0
40922,0.0
46381,0.0
20527,0.0
21337,0.0
6691,0.0
17461,0.0
46491,0.0
44893,0.0
7695,0.0
36516,0.0
3926,0.0
21226,0.0
24340,0.0
10759,0.0
6254,0.0
15254,0.0
34283,0.0
9380,0.0
3134,0.0
32630,0.0
820,0.0
17007,0.0
26177,0.0
24988,0.0
46211,0.0
33566,0.0
20197,0.0
22034,0.0
13486,0.0
17688,0.0
7887,0.0
32773,0.0
9833,0.0
35756,0.0
23950,0.0
7915,0.0
8114,0.0
37684,0.0
32720,0.0
19086,0.0
3431,0.0
9585,0.0
13227,0.0
6257,0.0
25582,0.0
28730,0.0
19875,0.0
26658,0.0
14522,0.0
18802,0.0
23416,0.0
26097,0.0
338,0.0
19660,0.0
42362,0.0
24746,0.0
4704,0.0
32406,0.0
8618,0.0
42614,0.0
21119,0.0
37485,0.0
23790,0.0
7910,0.0
29067,0.0
23354,0.0
7905,0.0
25829,0.0
26071,0.0
41302,0.0
34381,0.0
1809,0.0
10435,0.0
22983,0.0
39267,0.0
2927,0.0
34603,0.0
2567,0.0
4174,0.0
26842,0.0
13716,0.0
26010,0.0
46928,0.0
7941,0.0
28411,0.0
24185,0.0
42581,0.0
15054,0.0
3612,0.0
18785,0.0
11910,0.0
39307,0.0
30972,0.0
6473,0.0
2199,0.0
11929,0.0
6301,0.0
13130,0.0
28379,0.0
13635,0.0
10720,0.0
12308,0.0
25192,0.0
25168,0.0
22991,0.0
8718,0.0
8705,0.0
12579,0.0
25174,0.0
26751,0.0
15868,0.0
18203,0.0
16737,0.0
29882,0.0
11427,0.0
31175,0.0
11050,0.0
15218,0.0
9163,0.0
27938,0.0
41114,0.0
31667,0.0
47924,0.0
36275,0.0
38728,0.0
43351,0.0
36919,0.0
7448,0.0
12618,0.0
20399,0.0
21790,0.0
4799,0.0
19647,0.0
23084,0.0
24633,0.0
41682,0.0
19592,0.0
41938,0.0
894,0.0
30012,0.0
22064,0.0
16747,0.0
39569,0.0
4919,0.0
4216,0.0
7684,0.0
22015,0.0
16602,0.0
46900,0.0
34970,0.0
33444,0.0
15404,0.0
13121,0.0
32578,0.0
24858,0.0
1333,0.0
31679,0.0
25558,0.0
13309,0.0
716,0.0
11494,0.0
9809,0.0
24452,0.0
21136,0.0
46437,0.0
10284,0.0
42417,0.0
35506,0.0
26854,0.0
13089,0.0
28272,0.0
24673,0.0
11969,0.0
26386,0.0
21122,0.0
7810,0.0
15819,0.0
24999,0.0
46493,0.0
36699,0.0
12140,0.0
22572,0.0
12011,0.0
28715,0.0
1219,0.0
6163,0.0
14152,0.0
45812,0.0
27333,0.0
24947,0.0
21761,0.0
26143,0.0
14092,0.0
14338,0.0
19283,0.0
45990,0.0
18290,0.0
22665,0.0
16992,0.0
40,0.0
23684,0.0
31747,0.0
13488,0.0
38192,0.0
2062,0.0
21422,0.0
23361,0.0
24466,0.0
9901,0.0
27400,0.0
33818,0.0
11543,0.0
46649,0.0
3740,0.0
31347,0.0
8689,0.0
37952,0.0
17645,0.0
13866,0.0
491,0.0
27914,0.0
24794,0.0
31930,0.0
24986,0.0
15621,0.0
45870,0.0
2042,0.0
4309,0.0
26923,0.0
38865,0.0
1382,0.0
33851,0.0
42564,0.0
25428,0.0
25937,0.0
20475,0.0
47298,0.0
6601,0.0
43538,0.0
22738,0.0
7353,0.0
22039,0.0
20354,0.0
37698,0.0
21016,0.0
12671,0.0
23723,0.0
29423,0.0
24787,0.0
25807,0.0
29133,0.0
39409,0.0
36077,0.0
6665,0.0
20620,0.0
32451,0.0
7065,0.0
19887,0.0
26282,0.0
27639,0.0
21484,0.0
898,0.0
7507,0.0
45135,0.0
22760,0.0
3943,0.0
35222,0.0
13693,0.0
6481,0.0
11776,0.0
24979,0.0
36928,0.0
10970,0.0
12854,0.0
5214,0.0
2640,0.0
6438,0.0
34329,0.0
36830,0.0
40172,0.0
45432,0.0
27957,0.0
42977,0.0
40665,0.0
19986,0.0
15623,0.0
28638,0.0
32656,0.0
5767,0.0
20726,0.0
16793,0.0
34090,0.0
40317,0.0
14906,0.0
23576,0.0
224,0.0
34316,0.0
5406,0.0
25785,0.0
39590,0.0
10948,0.0
11465,0.0
39550,0.0
39537,0.0
20205,0.0
30501,0.0
11806,0.0
18698,0.0
28719,0.0
25776,0.0
10883,0.0
4526,0.0
13591,0.0
36073,0.0
15840,0.0
43777,0.0
8905,0.0
26462,0.0
15005,0.0
16525,0.0
47967,0.0
43219,0.0
14658,0.0
31374,0.0
32083,0.0
21009,0.0
27800,0.0
15674,0.0
6849,0.0
25779,0.0
19022,0.0
35486,0.0
20095,0.0
7514,0.0
483,0.0
19677,0.0
34727,0.0
15308,0.0
29635,0.0
7361,0.0
35874,0.0
17901,0.0
18482,0.0
17852,0.0
10119,0.0
41300,0.0
34596,0.0
9992,0.0
25805,0.0
24393,0.0
40100,0.0
41832,0.0
27283,0.0
41429,0.0
35930,0.0
17378,0.0
4581,0.0
3099,0.0
26993,0.0
22976,0.0
4184,0.0
46846,0.0
42833,0.0
13786,0.0
10013,0.0
19781,0.0
104,0.0
6282,0.0
19281,0.0
2281,0.0
9410,0.0
45389,0.0
9507,0.0
14135,0.0
30893,0.0
1905,0.0
1811,0.0
43415,0.0
17575,0.0
27673,0.0
7638,0.0
12818,0.0
28365,0.0
10488,0.0
26692,0.0
37487,0.0
5773,0.0
36400,0.0
1598,0.0
11590,0.0
7538,0.0
42805,0.0
36964,0.0
41972,0.0
25251,0.0
1839,0.0
34173,0.0
7855,0.0
32055,0.0
42536,0.0
45025,0.0
35017,0.0
17676,0.0
28324,0.0
24062,0.0
43643,0.0
24067,0.0
11309,0.0
21455,0.0
43839,0.0
20659,0.0
9802,0.0
30350,0.0
19365,0.0
44915,0.0
9288,0.0
47850,0.0
11620,0.0
28921,0.0
15346,0.0
45750,0.0
42924,0.0
3710,0.0
45511,0.0
3433,0.0
20100,0.0
7414,0.0
9693,0.0
34682,0.0
32833,0.0
23074,0.0
942,0.0
8610,0.0
43543,0.0
28337,0.0
13712,0.0
32875,0.0
2636,0.0
24045,0.0
7709,0.0
41740,0.0
31931,0.0
43214,0.0
21629,0.0
3812,0.0
36640,0.0
27692,0.0
41424,0.0
33980,0.0
38924,0.0
36216,0.0
26212,0.0
25386,0.0
13939,0.0
44908,0.0
27096,0.0
3886,0.0
34147,0.0
3679,0.0
28568,0.0
47020,0.0
26864,0.0
42707,0.0
35377,0.0
13937,0.0
40609,0.0
27654,0.0
13383,0.0
6019,0.0
10738,0.0
779,0.0
9556,0.0
41148,0.0
32146,0.0
21459,0.0
17066,0.0
14744,0.0
36710,0.0
12629,0.0
37831,0.0
6205,0.0
29279,0.0
17577,0.0
30359,0.0
19575,0.0
2632,0.0
30265,0.0
44545,0.0
36994,0.0
33001,0.0
18287,0.0
22876,0.0
40984,0.0
10710,0.0
25782,0.0
36750,0.0
5825,0.0
19434,0.0
31884,0.0
32367,0.0
26926,0.0
4158,0.0
11167,0.0
38766,0.0
9801,0.0
6769,0.0
31655,0.0
11984,0.0
18685,0.0
23707,0.0
15667,0.0
41129,0.0
17920,0.0
345,0.0
11182,0.0
37225,0.0
9050,0.0
2205,0.0
39866,0.0
26249,0.0
30314,0.0
4217,0.0
46959,0.0
26237,0.0
40284,0.0
44580,0.0
7635,0.0
29596,0.0
2777,0.0
39905,0.0
18584,0.0
47823,0.0
2546,0.0
20872,0.0
1980,0.0
35829,0.0
11912,0.0
3510,0.0
29142,0.0
18112,0.0
16573,0.0
24990,0.0
16512,0.0
43048,0.0
40318,0.0
15278,0.0
4667,0.0
5585,0.0
17352,0.0
46522,0.0
1403,0.0
4783,0.0
19544,0.0
2981,0.0
39753,0.0
6386,0.0
3181,0.0
40850,0.0
40973,0.0
10528,0.0
16767,0.0
12299,0.0
11097,0.0
37271,0.0
22784,0.0
17349,0.0
24985,0.0
30364,0.0
20959,0.0
31054,0.0
11301,0.0
41636,0.0
10908,0.0
18928,0.0
15084,0.0
42557,0.0
22316,0.0
45189,0.0
43140,0.0
14837,0.0
19719,0.0
22531,0.0
11397,0.0
4692,0.0
29507,0.0
27728,0.0
11357,0.0
14819,0.0
46993,0.0
33748,0.0
35032,0.0
28550,0.0
1504,0.0
3192,0.0
41603,0.0
11205,0.0
40637,0.0
23829,0.0
21328,0.0
5928,0.0
45478,0.0
21000,0.0
36594,0.0
28639,0.0
17551,0.0
36351,0.0
38590,0.0
26310,0.0
34593,0.0
11715,0.0
16865,0.0
7631,0.0
39148,0.0
23160,0.0
14797,0.0
47148,0.0
904,0.0
18108,0.0
9064,0.0
13845,0.0
21231,0.0
22071,0.0
40948,0.0
25401,0.0
31142,0.0
11793,0.0
17838,0.0
30429,0.0
6778,0.0
38705,0.0
17251,0.0
28129,0.0
27849,0.0
22496,0.0
1262,0.0
38608,0.0
46981,0.0
38350,0.0
32166,0.0
21062,0.0
42898,0.0
40292,0.0
13982,0.0
45176,0.0
25896,0.0
2844,0.0
8623,0.0
45018,0.0
23522,0.0
13162,0.0
28142,0.0
8334,0.0
43371,0.0
111,0.0
42900,0.0
28067,0.0
25519,0.0
11653,0.0
4580,0.0
42745,0.0
18804,0.0
10677,0.0
40561,0.0
4887,0.0
21860,0.0
13623,0.0
18481,0.0
13199,0.0
39886,0.0
20219,0.0
24501,0.0
26074,0.0
34658,0.0
34822,0.0
32597,0.0
44386,0.0
27533,0.0
44954,0.0
19431,0.0
1445,0.0
4125,0.0
19089,0.0
17092,0.0
9291,0.0
8980,0.0
46960,0.0
15924,0.0
39006,0.0
32572,0.0
18617,0.0
10233,0.0
16404,0.0
15937,0.0
6525,0.0
45617,0.0
17409,0.0
43261,0.0
20645,0.0
34646,0.0
44979,0.0
33440,0.0
11516,0.0
18119,0.0
34500,0.0
31954,0.0
5500,0.0
10190,0.0
37023,0.0
34845,0.0
8358,0.0
42658,0.0
157,0.0
7318,0.0
851,0.0
43315,0.0
7484,0.0
38101,0.0
37647,0.0
16365,0.0
37020,0.0
34479,0.0
26126,0.0
24503,0.0
14974,0.0
26978,0.0
21529,0.0
5577,0.0
35769,0.0
13918,0.0
33281,0.0
16462,0.0
29221,0.0
2427,0.0
30283,0.0
43101,0.0
13848,0.0
28353,0.0
45595,0.0
18329,0.0
45457,0.0
27108,0.0
33030,0.0
9365,0.0
4719,0.0
2526,0.0
18766,0.0
14366,0.0
8741,0.0
46200,0.0
15764,0.0
4998,0.0
41466,0.0
42622,0.0
31522,0.0
16761,0.0
44852,0.0
47682,0.0
38078,0.0
13549,0.0
41062,0.0
17127,0.0
684,0.0
44260,0.0
38944,0.0
23268,0.0
30874,0.0
9797,0.0
19329,0.0
35270,0.0
12348,0.0
10800,0.0
801,0.0
9923,0.0
29135,0.0
31368,0.0
32393,0.0
26389,0.0
6242,0.0
9761,0.0
6852,0.0
26996,0.0
17721,0.0
32558,0.0
19853,0.0
27697,0.0
46061,0.0
763,0.0
18377,0.0
2055,0.0
29389,0.0
28173,0.0
1194,0.0
10021,0.0
12095,0.0
15449,0.0
13086,0.0
8943,0.0
28990,0.0
25606,0.0
47386,0.0
3754,0.0
12506,0.0
31862,0.0
14803,0.0
17611,0.0
38932,0.0
38760,0.0
6407,0.0
5226,0.0
19764,0.0
32138,0.0
12570,0.0
12118,0.0
18595,0.0
39956,0.0
16820,0.0
4120,0.0
45306,0.0
47524,0.0
41930,0.0
17732,0.0
36925,0.0
12950,0.0
17815,0.0
20509,0.0
12770,0.0
15130,0.0
14430,0.0
1936,0.0
12347,0.0
10147,0.0
4275,0.0
24770,0.0
18495,0.0
43258,0.0
44330,0.0
30580,0.0
46062,0.0
385,0.0
13498,0.0
22167,0.0
9622,0.0
28473,0.0
6125,0.0
23708,0.0
28198,0.0
34836,0.0
518,0.0
13825,0.0
9927,0.0
21594,0.0
13028,0.0
43110,0.0
42917,0.0
24428,0.0
18327,0.0
10325,0.0
36552,0.0
22161,0.0
45151,0.0
36023,0.0
39027,0.0
23628,0.0
14634,0.0
714,0.0
36569,0.0
5230,0.0
2493,0.0
12436,0.0
2347,0.0
7021,0.0
33581,0.0
27811,0.0
22376,0.0
24583,0.0
45345,0.0
6625,0.0
21301,0.0
43416,0.0
47393,0.0
2604,0.0
32054,0.0
30510,0.0
46864,0.0
47134,0.0
18163,0.0
13019,0.0
5088,0.0
38146,0.0
13606,0.0
13793,0.0
44800,0.0
8639,0.0
21354,0.0
41853,0.0
815,0.0
22244,0.0
12430,0.0
32164,0.0
587,0.0
36983,0.0
30053,0.0
44108,0.0
40647,0.0
38344,0.0
44558,0.0
4282,0.0
2608,0.0
3584,0.0
38287,0.0
8568,0.0
28777,0.0
22186,0.0
1007,0.0
9564,0.0
29400,0.0
29063,0.0
44541,0.0
33422,0.0
47943,0.0
41079,0.0
1436,0.0
22230,0.0
25038,0.0
10362,0.0
22419,0.0
33452,0.0
34456,0.0
46664,0.0
17795,0.0
26838,0.0
46393,0.0
21121,0.0
47139,0.0
34135,0.0
2795,0.0
29794,0.0
3198,0.0
43237,0.0
1790,0.0
47528,0.0
7332,0.0
26691,0.0
45621,0.0
2788,0.0
12903,0.0
30181,0.0
31218,0.0
35133,0.0
25940,0.0
242,0.0
15572,0.0
31702,0.0
34876,0.0
32012,0.0
8586,0.0
18709,0.0
5736,0.0
22152,0.0
31045,0.0
2786,0.0
12104,0.0
10223,0.0
38148,0.0
1344,0.0
45751,0.0
28282,0.0
33990,0.0
16354,0.0
26496,0.0
15560,0.0
32827,0.0
21317,0.0
16230,0.0
43690,0.0
46452,0.0
40642,0.0
31438,0.0
43873,0.0
28979,0.0
19554,0.0
41193,0.0
8917,0.0
5817,0.0
43879,0.0
43336,0.0
20122,0.0
30920,0.0
41958,0.0
46696,0.0
40656,0.0
42870,0.0
16580,0.0
38061,0.0
20379,0.0
19732,0.0
6972,0.0
38015,0.0
26327,0.0
42803,0.0
45928,0.0
41120,0.0
40111,0.0
5631,0.0
47518,0.0
30725,0.0
17474,0.0
29426,0.0
27282,0.0
34879,0.0
14429,0.0
21581,0.0
44851,0.0
43404,0.0
20334,0.0
7587,0.0
8214,0.0
18828,0.0
35674,0.0
44599,0.0
26813,0.0
25961,0.0
44308,0.0
37722,0.0
26268,0.0
36245,0.0
30564,0.0
25630,0.0
26322,0.0
36694,0.0
24539,0.0
45479,0.0
38532,0.0
19598,0.0
27810,0.0
47794,0.0
12019,0.0
12807,0.0
3293,0.0
988,0.0
35302,0.0
26088,0.0
24102,0.0
7629,0.0
40875,0.0
8185,0.0
36016,0.0
45310,0.0
46251,0.0
17499,0.0
15853,0.0
24015,0.0
33571,0.0
31657,0.0
10407,0.0
14954,0.0
11122,0.0
44440,0.0
20141,0.0
3005,0.0
14205,0.0
45320,0.0
27543,0.0
11433,0.0
44071,0.0
10410,0.0
1058,0.0
33693,0.0
31818,0.0
18190,0.0
6536,0.0
493,0.0
11713,0.0
46148,0.0
33607,0.0
29298,0.0
5351,0.0
19974,0.0
4617,0.0
35888,0.0
39746,0.0
1287,0.0
41733,0.0
15145,0.0
44755,0.0
8338,0.0
9534,0.0
38966,0.0
8287,0.0
25265,0.0
32139,0.0
24318,0.0
17918,0.0
37160,0.0
14856,0.0
13010,0.0
4446,0.0
25564,0.0
21697,0.0
28709,0.0
30562,0.0
25458,0.0
39664,0.0
18525,0.0
6208,0.0
9424,0.0
29792,0.0
31675,0.0
2261,0.0
43035,0.0
1244,0.0
25367,0.0
1760,0.0
35103,0.0
26523,0.0
10971,0.0
2380,0.0
25839,0.0
39750,0.0
42590,0.0
11696,0.0
26247,0.0
46330,0.0
4576,0.0
45293,0.0
20875,0.0
46492,0.0
21501,0.0
37781,0.0
12489,0.0
2959,0.0
8737,0.0
500,0.0
20730,0.0
18587,0.0
30927,0.0
46912,0.0
26529,0.0
15064,0.0
28389,0.0
47483,0.0
43842,0.0
21085,0.0
36818,0.0
20865,0.0
10962,0.0
3456,0.0
26403,0.0
3968,0.0
35911,0.0
13100,0.0
1520,0.0
21575,0.0
44101,0.0
7475,0.0
35057,0.0
23409,0.0
6184,0.0
2492,0.0
14605,0.0
18484,0.0
17887,0.0
16309,0.0
14707,0.0
17227,0.0
5361,0.0
23170,0.0
13111,0.0
21425,0.0
7869,0.0
42164,0.0
2749,0.0
110,0.0
19773,0.0
17909,0.0
6949,0.0
14734,0.0
23220,0.0
22347,0.0
46184,0.0
3188,0.0
47565,0.0
7242,0.0
24864,0.0
8148,0.0
39999,0.0
7750,0.0
24946,0.0
13242,0.0
4428,0.0
36943,0.0
3091,0.0
19857,0.0
4724,0.0
2669,0.0
14054,0.0
27877,0.0
14573,0.0
27678,0.0
8337,0.0
31195,0.0
34617,0.0
14324,0.0
7107,0.0
32060,0.0
42039,0.0
28026,0.0
15798,0.0
10158,0.0
27762,0.0
46947,0.0
13775,0.0
44070,0.0
23941,0.0
27034,0.0
16196,0.0
46841,0.0
15568,0.0
40853,0.0
46656,0.0
41729,0.0
34738,0.0
30003,0.0
17932,0.0
37453,0.0
7489,0.0
25079,0.0
16307,0.0
6887,0.0
592,0.0
649,0.0
37072,0.0
18600,0.0
32766,0.0
18524,0.0
2237,0.0
9316,0.0
10007,0.0
34707,0.0
38666,0.0
41264,0.0
3493,0.0
5715,0.0
46151,0.0
45639,0.0
42520,0.0
11666,0.0
23864,0.0
8483,0.0
36451,0.0
12595,0.0
37093,0.0
43989,0.0
27835,0.0
15677,0.0
11511,0.0
31725,0.0
14592,0.0
47759,0.0
45519,0.0
15518,0.0
18939,0.0
15215,0.0
13602,0.0
41526,0.0
11727,0.0
818,0.0
20870,0.0
22699,0.0
18866,0.0
23390,0.0
31785,0.0
23296,0.0
963,0.0
29393,0.0
459,0.0
38310,0.0
24229,0.0
9756,0.0
27564,0.0
36785,0.0
9368,0.0
23377,0.0
25624,0.0
6888,0.0
8119,0.0
8875,0.0
21213,0.0
17684,0.0
19798,0.0
5171,0.0
20069,0.0
2785,0.0
15531,0.0
46212,0.0
31242,0.0
36080,0.0
19668,0.0
16972,0.0
4529,0.0
40140,0.0
9807,0.0
36537,0.0
12737,0.0
31653,0.0
4206,0.0
36729,0.0
31069,0.0
32979,0.0
7211,0.0
28313,0.0
44931,0.0
11604,0.0
46146,0.0
12628,0.0
18135,0.0
14180,0.0
20892,0.0
560,0.0
20356,0.0
19777,0.0
11402,0.0
14466,0.0
413,0.0
4769,0.0
24585,0.0
22693,0.0
24582,0.0
41704,0.0
16272,0.0
31244,0.0
30136,0.0
28795,0.0
9154,0.0
30878,0.0
42997,0.0
31723,0.0
10008,0.0
3635,0.0
11581,0.0
6726,0.0
3463,0.0
24005,0.0
24502,0.0
19803,0.0
7774,0.0
34340,0.0
41702,0.0
8978,0.0
23267,0.0
42351,0.0
38718,0.0
29609,0.0
21060,0.0
41709,0.0
31695,0.0
259,0.0
43797,0.0
22581,0.0
12596,0.0
35980,0.0
6149,0.0
27753,0.0
28938,0.0
4996,0.0
39601,0.0
14240,0.0
36276,0.0
32417,0.0
2870,0.0
5392,0.0
20917,0.0
32029,0.0
32493,0.0
31340,0.0
21882,0.0
31647,0.0
29570,0.0
28027,0.0
11251,0.0
13091,0.0
738,0.0
28345,0.0
32853,0.0
26368,0.0
18110,0.0
44052,0.0
37686,0.0
35176,0.0
22002,0.0
17120,0.0
44230,0.0
40724,0.0
17977,0.0
37621,0.0
30330,0.0
28923,0.0
2325,0.0
18923,0.0
1415,0.0
27423,0.0
34040,0.0
6838,0.0
23706,0.0
1446,0.0
19695,0.0
8131,0.0
24246,0.0
41125,0.0
711,0.0
47497,0.0
10184,0.0
10896,0.0
13640,0.0
31600,0.0
13985,0.0
21657,0.0
13835,0.0
36149,0.0
4686,0.0
43625,0.0
19079,0.0
41581,0.0
14757,0.0
20902,0.0
42460,0.0
12587,0.0
17021,0.0
24661,0.0
15685,0.0
46068,0.0
16105,0.0
39810,0.0
40809,0.0
8544,0.0
21830,0.0
13567,0.0
46903,0.0
9523,0.0
31143,0.0
42832,0.0
19911,0.0
16413,0.0
12877,0.0
25041,0.0
23085,0.0
40263,0.0
13616,0.0
35476,0.0
10306,0.0
20405,0.0
2957,0.0
13128,0.0
46181,0.0
9132,0.0
10246,0.0
8582,0.0
23655,0.0
4034,0.0
19573,0.0
30736,0.0
31378,0.0
9108,0.0
22583,0.0
18729,0.0
21682,0.0
7996,0.0
43540,0.0
31183,0.0
1791,0.0
1148,0.0
6287,0.0
17393,0.0
45726,0.0
8140,0.0
36074,0.0
36319,0.0
30656,0.0
29999,0.0
7828,0.0
38198,0.0
20133,0.0
30250,0.0
7468,0.0
42754,0.0
6006,0.0
21145,0.0
20709,0.0
33480,0.0
978,0.0
4041,0.0
15419,0.0
23763,0.0
25750,0.0
8143,0.0
38355,0.0
20201,0.0
46096,0.0
11909,0.0
20614,0.0
6942,0.0
2472,0.0
22804,0.0
18017,0.0
225,0.0
30796,0.0
34007,0.0
6843,0.0
18878,0.0
30929,0.0
45240,0.0
38845,0.0
29918,0.0
47309,0.0
16084,0.0
42094,0.0
8188,0.0
15151,0.0
41350,0.0
27446,0.0
30167,0.0
27017,0.0
14141,0.0
47403,0.0
39577,0.0
26158,0.0
1275,0.0
8471,0.0
18452,0.0
46979,0.0
20189,0.0
33249,0.0
31493,0.0
36544,0.0
28479,0.0
35128,0.0
42931,0.0
40630,0.0
47814,0.0
26422,0.0
33390,0.0
43491,0.0
12743,0.0
32391,0.0
4100,0.0
20742,0.0
34133,0.0
25242,0.0
46763,0.0
40346,0.0
32993,0.0
16345,0.0
39541,0.0
30052,0.0
6850,0.0
20660,0.0
32997,0.0
16121,0.0
21047,0.0
4277,0.0
23130,0.0
47589,0.0
17751,0.0
18888,0.0
30806,0.0
28782,0.0
20839,0.0
12781,0.0
2572,0.0
4588,0.0
10380,0.0
41676,0.0
35870,0.0
3441,0.0
21566,0.0
7105,0.0
35123,0.0
16343,0.0
28243,0.0
47675,0.0
47769,0.0
20123,0.0
30394,0.0
39398,0.0
27660,0.0
27321,0.0
13236,0.0
23492,0.0
32160,0.0
19133,0.0
11327,0.0
42078,0.0
25822,0.0
36084,0.0
39403,0.0
31550,0.0
31823,0.0
43809,0.0
17011,0.0
12300,0.0
29296,0.0
43822,0.0
9351,0.0
3858,0.0
15567,0.0
6384,0.0
46444,0.0
38149,0.0
14535,0.0
47468,0.0
43591,0.0
35613,0.0
13449,0.0
2842,0.0
34038,0.0
22650,0.0
34844,0.0
27406,0.0
21174,0.0
45738,0.0
32805,0.0
36601,0.0
38337,0.0
15601,0.0
40229,0.0
10856,0.0
5697,0.0
16697,0.0
16418,0.0
35903,0.0
31226,0.0
22606,0.0
14526,0.0
39572,0.0
4088,0.0
17677,0.0
18170,0.0
39286,0.0
18054,0.0
34954,0.0
47939,0.0
32668,0.0
3478,0.0
10538,0.0
18578,0.0
19997,0.0
27726,0.0
39512,0.0
26455,0.0
46065,0.0
33995,0.0
16859,0.0
32494,0.0
29772,0.0
15645,0.0
46234,0.0
19469,0.0
6831,0.0
36972,0.0
19282,0.0
17483,0.0
1513,0.0
22726,0.0
34108,0.0
47604,0.0
28583,0.0
41809,0.0
39491,0.0
7461,0.0
31138,0.0
12161,0.0
13113,0.0
1603,0.0
13361,0.0
39520,0.0
17877,0.0
38129,0.0
9060,0.0
9647,0.0
14250,0.0
17236,0.0
35374,0.0
22262,0.0
29118,0.0
2453,0.0
46586,0.0
5126,0.0
43891,0.0
13446,0.0
11683,0.0
11141,0.0
44620,0.0
28399,0.0
16660,0.0
28674,0.0
14412,0.0
23677,0.0
31346,0.0
25221,0.0
10391,0.0
15776,0.0
42034,0.0
3530,0.0
18952,0.0
39346,0.0
14659,0.0
4135,0.0
32243,0.0
16539,0.0
10214,0.0
14796,0.0
9061,0.0
28014,0.0
38632,0.0
28532,0.0
18376,0.0
5992,0.0
16887,0.0
20881,0.0
17488,0.0
31828,0.0
42454,0.0
21859,0.0
25596,0.0
21071,0.0
31254,0.0
5586,0.0
38164,0.0
20160,0.0
8115,0.0
23320,0.0
14825,0.0
16742,0.0
2137,0.0
10257,0.0
46929,0.0
36879,0.0
40562,0.0
40909,0.0
30824,0.0
46033,0.0
17298,0.0
2207,0.0
43171,0.0
32753,0.0
25513,0.0
14553,0.0
23457,0.0
41415,0.0
18422,0.0
40221,0.0
42106,0.0
4511,0.0
14260,0.0
2192,0.0
40058,0.0
14552,0.0
19710,0.0
1389,0.0
32211,0.0
12698,0.0
45558,0.0
37383,0.0
33491,0.0
29600,0.0
36771,0.0
5894,0.0
4732,0.0
20788,0.0
11376,0.0
18264,0.0
9546,0.0
12982,0.0
7584,0.0
15493,0.0
20868,0.0
38253,0.0
40663,0.0
15527,0.0
3995,0.0
27437,0.0
15945,0.0
38025,0.0
12486,0.0
41214,0.0
30241,0.0
21083,0.0
35598,0.0
40605,0.0
6279,0.0
46204,0.0
20778,0.0
26948,0.0
35943,0.0
36515,0.0
16062,0.0
25435,0.0
46849,0.0
5640,0.0
40995,0.0
35171,0.0
41673,0.0
25517,0.0
4280,0.0
17659,0.0
13403,0.0
28328,0.0
8987,0.0
24240,0.0
35072,0.0
7074,0.0
42995,0.0
45422,0.0
35285,0.0
22118,0.0
14341,0.0
51,0.0
44739,0.0
17833,0.0
8750,0.0
45594,0.0
18094,0.0
20299,0.0
29475,0.0
564,0.0
34712,0.0
17171,0.0
37620,0.0
24194,0.0
10267,0.0
4515,0.0
15209,0.0
42411,0.0
40073,0.0
33587,0.0
36763,0.0
43374,0.0
37575,0.0
36740,0.0
3991,0.0
8660,0.0
21399,0.0
34328,0.0
31731,0.0
20442,0.0
25240,0.0
30138,0.0
2394,0.0
21088,0.0
9878,0.0
7071,0.0
16805,0.0
625,0.0
44124,0.0
15826,0.0
32860,0.0
35110,0.0
33680,0.0
3999,0.0
16811,0.0
23826,0.0
20105,0.0
11851,0.0
22972,0.0
174,0.0
19505,0.0
29893,0.0
37350,0.0
34164,0.0
46001,0.0
14359,0.0
21212,0.0
353,0.0
36005,0.0
27576,0.0
33756,0.0
38114,0.0
21717,0.0
40156,0.0
39046,0.0
15891,0.0
12195,0.0
47070,0.0
25264,0.0
35792,0.0
41390,0.0
24137,0.0
5270,0.0
40741,0.0
6121,0.0
23213,0.0
11486,0.0
36408,0.0
43672,0.0
36732,0.0
40291,0.0
47370,0.0
30735,0.0
18934,0.0
7862,0.0
44619,0.0
32023,0.0
38209,0.0
250,0.0
3167,0.0
43506,0.0
39380,0.0
10559,0.0
23002,0.0
38175,0.0
14002,0.0
34803,0.0
16038,0.0
42490,0.0
43530,0.0
17667,0.0
9255,0.0
15424,0.0
1156,0.0
11029,0.0
5677,0.0
39545,0.0
39393,0.0
44801,0.0
47697,0.0
16469,0.0
31707,0.0
38084,0.0
30229,0.0
43847,0.0
35301,0.0
4300,0.0
44390,0.0
40834,0.0
19085,0.0
4109,0.0
42067,0.0
27178,0.0
30997,0.0
37924,0.0
23302,0.0
15999,0.0
16379,0.0
23816,0.0
17613,0.0
46953,0.0
20127,0.0
38335,0.0
46333,0.0
34070,0.0
133,0.0
43984,0.0
12420,0.0
8668,0.0
5556,0.0
14332,0.0
44002,0.0
19969,0.0
23979,0.0
45599,0.0
14686,0.0
30910,0.0
2951,0.0
8179,0.0
19680,0.0
9582,0.0
44838,0.0
15882,0.0
17050,0.0
16604,0.0
45790,0.0
37279,0.0
39670,0.0
46058,0.0
35362,0.0
38691,0.0
32079,0.0
46908,0.0
8881,0.0
37323,0.0
30381,0.0
32926,0.0
13539,0.0
5591,0.0
5991,0.0
11714,0.0
39831,0.0
35945,0.0
23895,0.0
4639,0.0
12619,0.0
47496,0.0
46219,0.0
25592,0.0
26259,0.0
8772,0.0
34260,0.0
24742,0.0
39272,0.0
19925,0.0
33351,0.0
30533,0.0
34287,0.0
37077,0.0
7224,0.0
43295,0.0
36377,0.0
35181,0.0
10459,0.0
4009,0.0
34429,0.0
42986,0.0
45821,0.0
45783,0.0
21305,0.0
16618,0.0
13991,0.0
34923,0.0
10215,0.0
26232,0.0
43022,0.0
5,0.0
17736,0.0
3724,0.0
44329,0.0
28071,0.0
29634,0.0
23378,0.0
22052,0.0
36542,0.0
22501,0.0
32838,0.0
6340,0.0
36382,0.0
5835,0.0
8450,0.0
5681,0.0
26984,0.0
19225,0.0
12388,0.0
29043,0.0
42736,0.0
36399,0.0
4219,0.0
38574,0.0
2335,0.0
18798,0.0
30882,0.0
5350,0.0
2226,0.0
33579,0.0
3662,0.0
4847,0.0
34990,0.0
16843,0.0
25955,0.0
10382,0.0
44367,0.0
44928,0.0
41314,0.0
1978,0.0
15951,0.0
47428,0.0
39849,0.0
25870,0.0
18134,0.0
2812,0.0
33617,0.0
14232,0.0
6351,0.0
7535,0.0
23536,0.0
45534,0.0
2330,0.0
11028,0.0
37876,0.0
1807,0.0
18454,0.0
2775,0.0
44803,0.0
8176,0.0
24000,0.0
41119,0.0
8562,0.0
12720,0.0
30153,0.0
5158,0.0
21633,0.0
23843,0.0
23343,0.0
33723,0.0
3326,0.0
31310,0.0
23019,0.0
43529,0.0
1211,0.0
45747,0.0
3359,0.0
4706,0.0
36937,0.0
11649,0.0
39686,0.0
18345,0.0
596,0.0
443,0.0
186,0.0
23502,0.0
22544,0.0
26498,0.0
13754,0.0
6719,0.0
30829,0.0
34367,0.0
37436,0.0
10868,0.0
18656,0.0
3227,0.0
1515,0.0
23214,0.0
40578,0.0
9703,0.0
1433,0.0
30704,0.0
24877,0.0
23529,0.0
14539,0.0
42945,0.0
24486,0.0
29746,0.0
42,0.0
7197,0.0
21155,0.0
42830,0.0
14217,0.0
27787,0.0
34101,0.0
40633,0.0
29503,0.0
22714,0.0
29691,0.0
2054,0.0
3782,0.0
19833,0.0
45966,0.0
28825,0.0
23845,0.0
7978,0.0
1220,0.0
43331,0.0
27410,0.0
44486,0.0
39125,0.0
22339,0.0
2376,0.0
7073,0.0
15392,0.0
15694,0.0
39881,0.0
31756,0.0
36772,0.0
2782,0.0
8797,0.0
22346,0.0
22130,0.0
23049,0.0
12934,0.0
46580,0.0
35850,0.0
43155,0.0
28856,0.0
23614,0.0
22311,0.0
21370,0.0
6341,0.0
35145,0.0
7738,0.0
14033,0.0
9782,0.0
28310,0.0
32872,0.0
25245,0.0
38222,0.0
7619,0.0
12209,0.0
41842,0.0
5614,0.0
9816,0.0
1252,0.0
46467,0.0
47481,0.0
9804,0.0
16434,0.0
143,0.0
30573,0.0
5060,0.0
31995,0.0
34834,0.0
44468,0.0
8956,0.0
32600,0.0
14836,0.0
28358,0.0
1806,0.0
16424,0.0
41005,0.0
42855,0.0
31495,0.0
25528,0.0
2189,0.0
263,0.0
38860,0.0
16586,0.0
32389,0.0
37835,0.0
17781,0.0
20149,0.0
14845,0.0
6884,0.0
28759,0.0
45204,0.0
30196,0.0
12682,0.0
45164,0.0
14132,0.0
27584,0.0
19212,0.0
12927,0.0
43018,0.0
5018,0.0
46421,0.0
3128,0.0
33028,0.0
10695,0.0
36958,0.0
44975,0.0
40548,0.0
47076,0.0
10535,0.0
36780,0.0
14267,0.0
44452,0.0
41042,0.0
37925,0.0
45925,0.0
46795,0.0
43061,0.0
12210,0.0
44927,0.0
10557,0.0
17839,0.0
2941,0.0
15162,0.0
15305,0.0
43183,0.0
32268,0.0
20583,0.0
41784,0.0
8833,0.0
47009,0.0
23733,0.0
22696,0.0
21381,0.0
24245,0.0
41153,0.0
31399,0.0
10064,0.0
28472,0.0
16071,0.0
14996,0.0
31788,0.0
35069,0.0
45757,0.0
20312,0.0
39907,0.0
15922,0.0
38382,0.0
21726,0.0
32072,0.0
16348,0.0
23991,0.0
10299,0.0
9400,0.0
33596,0.0
44204,0.0
39467,0.0
27525,0.0
39297,0.0
23108,0.0
32873,0.0
13528,0.0
46004,0.0
42721,0.0
23078,0.0
3300,0.0
46162,0.0
36468,0.0
34728,0.0
19794,0.0
20567,0.0
42095,0.0
3884,0.0
18602,0.0
24098,0.0
43806,0.0
7444,0.0
37255,0.0
7013,0.0
26609,0.0
45464,0.0
42984,0.0
42972,0.0
26622,0.0
32803,0.0
44886,0.0
39796,0.0
26413,0.0
21188,0.0
39882,0.0
25901,0.0
5594,0.0
32176,0.0
5020,0.0
27408,0.0
41962,0.0
5530,0.0
15691,0.0
42150,0.0
16165,0.0
39481,0.0
35577,0.0
29295,0.0
15722,0.0
40670,0.0
37355,0.0
38957,0.0
35669,0.0
5488,0.0
23647,0.0
40852,0.0
22235,0.0
36339,0.0
35542,0.0
18466,0.0
35061,0.0
26859,0.0
40315,0.0
9641,0.0
12390,0.0
28650,0.0
6740,0.0
15787,0.0
40482,0.0
5030,0.0
23940,0.0
47430,0.0
9432,0.0
32429,0.0
30912,0.0
24289,0.0
27889,0.0
11689,0.0
28253,0.0
38202,0.0
35782,0.0
442,0.0
38855,0.0
6620,0.0
29316,0.0
34478,0.0
39308,0.0
16928,0.0
13986,0.0
17671,0.0
18516,0.0
18157,0.0
1216,0.0
17503,0.0
47745,0.0
41269,0.0
28805,0.0
27754,0.0
15994,0.0
29840,0.0
41419,0.0
5890,0.0
18616,0.0
14822,0.0
7038,0.0
4738,0.0
24162,0.0
26366,0.0
4476,0.0
3767,0.0
36979,0.0
7213,0.0
23029,0.0
34715,0.0
32433,0.0
36469,0.0
11382,0.0
6847,0.0
32253,0.0
41190,0.0
39889,0.0
2919,0.0
32645,0.0
38256,0.0
10010,0.0
41896,0.0
10728,0.0
14578,0.0
8501,0.0
37016,0.0
9328,0.0
33233,0.0
2719,0.0
31398,0.0
47619,0.0
34059,0.0
43448,0.0
43718,0.0
46776,0.0
33985,0.0
27202,0.0
30050,0.0
36166,0.0
23166,0.0
8889,0.0
33360,0.0
33062,0.0
13519,0.0
19099,0.0
32715,0.0
31830,0.0
7775,0.0
7987,0.0
37017,0.0
19227,0.0
3919,0.0
25297,0.0
40238,0.0
8108,0.0
31802,0.0
37757,0.0
29206,0.0
11723,0.0
20412,0.0
15082,0.0
4398,0.0
31434,0.0
24705,0.0
5125,0.0
14386,0.0
32232,0.0
31071,0.0
39168,0.0
8305,0.0
5045,0.0
23681,0.0
34829,0.0
27144,0.0
8051,0.0
46807,0.0
18896,0.0
21642,0.0
33553,0.0
2324,0.0
23018,0.0
24371,0.0
43748,0.0
27687,0.0
14247,0.0
44946,0.0
33806,0.0
11409,0.0
11693,0.0
44487,0.0
39349,0.0
1034,0.0
14908,0.0
39468,0.0
23069,0.0
31249,0.0
45341,0.0
243,0.0
33762,0.0
45857,0.0
21877,0.0
8293,0.0
18678,0.0
14431,0.0
13202,0.0
28655,0.0
14171,0.0
27163,0.0
15335,0.0
18560,0.0
16037,0.0
37174,0.0
455,0.0
1509,0.0
17055,0.0
27610,0.0
35257,0.0
27569,0.0
46727,0.0
24076,0.0
16794,0.0
1021,0.0
14948,0.0
43193,0.0
24170,0.0
7943,0.0
18286,0.0
21402,0.0
18088,0.0
16093,0.0
1258,0.0
8929,0.0
18606,0.0
33026,0.0
18478,0.0
14453,0.0
27161,0.0
31742,0.0
41909,0.0
3070,0.0
30548,0.0
6336,0.0
31234,0.0
42592,0.0
19126,0.0
11220,0.0
12160,0.0
20241,0.0
22591,0.0
22530,0.0
37157,0.0
28984,0.0
13472,0.0
26752,0.0
39190,0.0
1612,0.0
16948,0.0
7552,0.0
9085,0.0
33267,0.0
30367,0.0
38523,0.0
23534,0.0
23337,0.0
38648,0.0
35595,0.0
7000,0.0
32757,0.0
29628,0.0
8824,0.0
20573,0.0
42766,0.0
43211,0.0
2229,0.0
14021,0.0
22295,0.0
12215,0.0
5435,0.0
15328,0.0
28681,0.0
14824,0.0
38868,0.0
16096,0.0
40628,0.0
20650,0.0
28297,0.0
8731,0.0
30797,0.0
29015,0.0
8475,0.0
39111,0.0
47420,0.0
27366,0.0
8134,0.0
11231,0.0
31473,0.0
31277,0.0
12771,0.0
504,0.0
12477,0.0
47402,0.0
47123,0.0
31223,0.0
27336,0.0
13317,0.0
6290,0.0
5451,0.0
17375,0.0
35024,0.0
33161,0.0
14408,0.0
1792,0.0
5100,0.0
15748,0.0
42108,0.0
11288,0.0
18220,0.0
3410,0.0
14989,0.0
37258,0.0
70,0.0
28293,0.0
14497,0.0
7263,0.0
44551,0.0
40868,0.0
8158,0.0
19538,0.0
15045,0.0
31734,0.0
46874,0.0
33055,0.0
5876,0.0
20337,0.0
30151,0.0
12070,0.0
35282,0.0
28834,0.0
47115,0.0
24396,0.0
8515,0.0
15523,0.0
20033,0.0
61,0.0
6420,0.0
30973,0.0
17497,0.0
406,0.0
45368,0.0
9639,0.0
17249,0.0
40662,0.0
41536,0.0
24155,0.0
1442,0.0
46188,0.0
14057,0.0
24249,0.0
16217,0.0
34183,0.0
44073,0.0
16662,0.0
4075,0.0
46155,0.0
24744,0.0
25547,0.0
27658,0.0
25976,0.0
10986,0.0
3726,0.0
27549,0.0
4864,0.0
3387,0.0
6828,0.0
8241,0.0
2757,0.0
3558,0.0
42763,0.0
6410,0.0
32062,0.0
22870,0.0
32129,0.0
14441,0.0
11401,0.0
25495,0.0
24073,0.0
6591,0.0
20923,0.0
23703,0.0
39161,0.0
9186,0.0
39791,0.0
35971,0.0
24604,0.0
32004,0.0
38165,0.0
7749,0.0
4735,0.0
10458,0.0
27340,0.0
35045,0.0
31548,0.0
15196,0.0
30508,0.0
30741,0.0
47721,0.0
8155,0.0
21112,0.0
19498,0.0
25493,0.0
165,0.0
29510,0.0
20174,0.0
9795,0.0
13258,0.0
46329,0.0
41670,0.0
34281,0.0
26928,0.0
10809,0.0
24176,0.0
41065,0.0
5676,0.0
39648,0.0
35343,0.0
8438,0.0
44189,0.0
16482,0.0
39007,0.0
8449,0.0
19831,0.0
3956,0.0
14222,0.0
46205,0.0
1959,0.0
33277,0.0
7856,0.0
19216,0.0
43608,0.0
32570,0.0
18851,0.0
19330,0.0
22605,0.0
40343,0.0
46657,0.0
22844,0.0
35768,0.0
21108,0.0
42321,0.0
13943,0.0
5999,0.0
15980,0.0
21745,0.0
41671,0.0
44711,0.0
30200,0.0
39677,0.0
17749,0.0
1497,0.0
15600,0.0
7648,0.0
21170,0.0
9258,0.0
25881,0.0
32116,0.0
31272,0.0
18883,0.0
19956,0.0
17142,0.0
8376,0.0
23164,0.0
26768,0.0
21758,0.0
37981,0.0
5932,0.0
8858,0.0
22750,0.0
43556,0.0
33243,0.0
13633,0.0
47960,0.0
9116,0.0
34543,0.0
24488,0.0
2321,0.0
35569,0.0
25130,0.0
17563,0.0
10545,0.0
37217,0.0
47238,0.0
33209,0.0
24007,0.0
22689,0.0
7214,0.0
6731,0.0
13221,0.0
39159,0.0
16248,0.0
15061,0.0
17572,0.0
5969,0.0
37791,0.0
28192,0.0
35403,0.0
15276,0.0
32549,0.0
17453,0.0
46305,0.0
22466,0.0
39530,0.0
7611,0.0
17664,0.0
14773,0.0
32607,0.0
39902,0.0
6869,0.0
32089,0.0
14331,0.0
18506,0.0
33076,0.0
38365,0.0
1050,0.0
44322,0.0
40614,0.0
16997,0.0
4938,0.0
17830,0.0
11348,0.0
20869,0.0
13977,0.0
29263,0.0
31177,0.0
38346,0.0
4685,0.0
13634,0.0
7961,0.0
17841,0.0
15809,0.0
19971,0.0
18127,0.0
38748,0.0
19913,0.0
45766,0.0
11201,0.0
31997,0.0
37548,0.0
20603,0.0
6604,0.0
9914,0.0
10870,0.0
18530,0.0
2899,0.0
14742,0.0
43223,0.0
5567,0.0
9515,0.0
22710,0.0
35007,0.0
23131,0.0
45508,0.0
17097,0.0
34705,0.0
46936,0.0
29195,0.0
24870,0.0
9383,0.0
45035,0.0
33844,0.0
44813,0.0
46215,0.0
45192,0.0
46076,0.0
29,0.0
44726,0.0
44385,0.0
10697,0.0
22216,0.0
32709,0.0
20574,0.0
23355,0.0
6362,0.0
47523,0.0
35809,0.0
16200,0.0
21366,0.0
22765,0.0
39871,0.0
28066,0.0
43449,0.0
32660,0.0
47913,0.0
40840,0.0
41168,0.0
3352,0.0
45920,0.0
40841,0.0
10747,0.0
39000,0.0
7830,0.0
24048,0.0
2866,0.0
15858,0.0
6056,0.0
16572,0.0
26469,0.0
28611,0.0
9508,0.0
5170,0.0
10304,0.0
18899,0.0
28741,0.0
37673,0.0
31137,0.0
38797,0.0
26581,0.0
22099,0.0
12939,0.0
9646,0.0
3066,0.0
43997,0.0
30235,0.0
4733,0.0
6603,0.0
20262,0.0
7401,0.0
20168,0.0
6541,0.0
9453,0.0
26023,0.0
5756,0.0
35441,0.0
20970,0.0
5281,0.0
28436,0.0
34001,0.0
3488,0.0
11580,0.0
16933,0.0
21324,0.0
7441,0.0
41312,0.0
26239,0.0
23147,0.0
46423,0.0
6748,0.0
19826,0.0
34811,0.0
21724,0.0
9486,0.0
43735,0.0
38380,0.0
43754,0.0
47569,0.0
46041,0.0
5331,0.0
40783,0.0
40264,0.0
7913,0.0
26411,0.0
23117,0.0
12762,0.0
14051,0.0
6114,0.0
25121,0.0
21694,0.0
6180,0.0
7976,0.0
47628,0.0
26704,0.0
19497,0.0
2101,0.0
26415,0.0
10321,0.0
21230,0.0
45467,0.0
42567,0.0
17361,0.0
43618,0.0
5824,0.0
37138,0.0
19690,0.0
29452,0.0
15885,0.0
10798,0.0
27619,0.0
2768,0.0
5931,0.0
10574,0.0
15219,0.0
1062,0.0
32207,0.0
27021,0.0
26540,0.0
34551,0.0
10967,0.0
37848,0.0
37429,0.0
37963,0.0
12532,0.0
16483,0.0
6389,0.0
14306,0.0
22644,0.0
41000,0.0
3090,0.0
16945,0.0
12929,0.0
19231,0.0
34558,0.0
5430,0.0
18399,0.0
14620,0.0
39461,0.0
46302,0.0
40467,0.0
38976,0.0
23007,0.0
36146,0.0
24117,0.0
18552,0.0
47075,0.0
8378,0.0
1413,0.0
31947,0.0
31309,0.0
11109,0.0
29154,0.0
31590,0.0
34958,0.0
8872,0.0
30652,0.0
39604,0.0
36891,0.0
4098,0.0
8739,0.0
22412,0.0
209,0.0
4399,0.0
46440,0.0
8489,0.0
46832,0.0
28185,0.0
25494,0.0
7925,0.0
41462,0.0
31568,0.0
39712,0.0
45259,0.0
11441,0.0
46191,0.0
7238,0.0
715,0.0
21423,0.0
251,0.0
44336,0.0
36285,0.0
18695,0.0
38263,0.0
16764,0.0
38570,0.0
13862,0.0
39289,0.0
31010,0.0
10889,0.0
22947,0.0
24286,0.0
12578,0.0
20749,0.0
6192,0.0
41116,0.0
45568,0.0
38172,0.0
5447,0.0
30552,0.0
23076,0.0
14942,0.0
18536,0.0
33673,0.0
22515,0.0
30624,0.0
23915,0.0
7658,0.0
17075,0.0
31739,0.0
33216,0.0
2104,0.0
16954,0.0
13455,0.0
1759,0.0
10243,0.0
18827,0.0
3006,0.0
8749,0.0
14084,0.0
19468,0.0
35313,0.0
13638,0.0
38889,0.0
6094,0.0
37431,0.0
4441,0.0
23577,0.0
33968,0.0
36767,0.0
971,0.0
33251,0.0
22270,0.0
4772,0.0
3026,0.0
15266,0.0
22232,0.0
20607,0.0
8723,0.0
434,0.0
18702,0.0
42282,0.0
26226,0.0
21273,0.0
45180,0.0
44378,0.0
4749,0.0
18887,0.0
37770,0.0
19182,0.0
25764,0.0
5870,0.0
44583,0.0
18375,0.0
7262,0.0
13894,0.0
8857,0.0
34493,0.0
46341,0.0
28101,0.0
14018,0.0
45715,0.0
2433,0.0
31127,0.0
8272,0.0
4482,0.0
29057,0.0
15607,0.0
21296,0.0
30245,0.0
17274,0.0
866,0.0
12537,0.0
4763,0.0
44741,0.0
8692,0.0
6132,0.0
34372,0.0
47845,0.0
38305,0.0
24191,0.0
8642,0.0
37337,0.0
2549,0.0
32687,0.0
7846,0.0
18767,0.0
11213,0.0
44805,0.0
5569,0.0
21116,0.0
30208,0.0
8998,0.0
9082,0.0
32278,0.0
17265,0.0
22260,0.0
21034,0.0
37208,0.0
37694,0.0
46180,0.0
1024,0.0
13958,0.0
30835,0.0
30530,0.0
5599,0.0
17280,0.0
30300,0.0
260,0.0
28119,0.0
24123,0.0
1048,0.0
44355,0.0
37974,0.0
9389,0.0
27116,0.0
6493,0.0
30104,0.0
3913,0.0
10810,0.0
42683,0.0
40383,0.0
26294,0.0
37293,0.0
1748,0.0
23393,0.0
3547,0.0
13936,0.0
9655,0.0
40503,0.0
9522,0.0
26847,0.0
10975,0.0
5110,0.0
12730,0.0
26909,0.0
5325,0.0
14533,0.0
8496,0.0
12137,0.0
45054,0.0
3904,0.0
23399,0.0
37112,0.0
35893,0.0
5245,0.0
15494,0.0
5522,0.0
35647,0.0
1390,0.0
4882,0.0
27033,0.0
38697,0.0
15114,0.0
13587,0.0
33231,0.0
18614,0.0
37566,0.0
6744,0.0
